source_session_info,R_version,platform,time_zone,package,observed_version
sessionInfo_cap2_01_FINAL_datos_zonificacion_qc.txt,4.4.2 (2024-10-31 ucrt),x86_64-w64-mingw32/x64,America/Bogota,DBI,1.2.3
sessionInfo_cap2_01_FINAL_datos_zonificacion_qc.txt,4.4.2 (2024-10-31 ucrt),x86_64-w64-mingw32/x64,America/Bogota,KernSmooth,2.23-24
sessionInfo_cap2_01_FINAL_datos_zonificacion_qc.txt,4.4.2 (2024-10-31 ucrt),x86_64-w64-mingw32/x64,America/Bogota,MASS,7.3-61
sessionInfo_cap2_01_FINAL_datos_zonificacion_qc.txt,4.4.2 (2024-10-31 ucrt),x86_64-w64-mingw32/x64,America/Bogota,Matrix,1.7-1
sessionInfo_cap2_01_FINAL_datos_zonificacion_qc.txt,4.4.2 (2024-10-31 ucrt),x86_64-w64-mingw32/x64,America/Bogota,R6,2.6.1
sessionInfo_cap2_01_FINAL_datos_zonificacion_qc.txt,4.4.2 (2024-10-31 ucrt),x86_64-w64-mingw32/x64,America/Bogota,RColorBrewer,1.1-3
sessionInfo_cap2_01_FINAL_datos_zonificacion_qc.txt,4.4.2 (2024-10-31 ucrt),x86_64-w64-mingw32/x64,America/Bogota,Rcpp,1.1.0
sessionInfo_cap2_01_FINAL_datos_zonificacion_qc.txt,4.4.2 (2024-10-31 ucrt),x86_64-w64-mingw32/x64,America/Bogota,WaveletComp,1.2
sessionInfo_cap2_01_FINAL_datos_zonificacion_qc.txt,4.4.2 (2024-10-31 ucrt),x86_64-w64-mingw32/x64,America/Bogota,archive,1.1.13
sessionInfo_cap2_01_FINAL_datos_zonificacion_qc.txt,4.4.2 (2024-10-31 ucrt),x86_64-w64-mingw32/x64,America/Bogota,bit,4.6.0
sessionInfo_cap2_01_FINAL_datos_zonificacion_qc.txt,4.4.2 (2024-10-31 ucrt),x86_64-w64-mingw32/x64,America/Bogota,bit64,4.6.0-1
sessionInfo_cap2_01_FINAL_datos_zonificacion_qc.txt,4.4.2 (2024-10-31 ucrt),x86_64-w64-mingw32/x64,America/Bogota,class,7.3-22
sessionInfo_cap2_01_FINAL_datos_zonificacion_qc.txt,4.4.2 (2024-10-31 ucrt),x86_64-w64-mingw32/x64,America/Bogota,classInt,0.4-11
sessionInfo_cap2_01_FINAL_datos_zonificacion_qc.txt,4.4.2 (2024-10-31 ucrt),x86_64-w64-mingw32/x64,America/Bogota,cli,3.6.5
sessionInfo_cap2_01_FINAL_datos_zonificacion_qc.txt,4.4.2 (2024-10-31 ucrt),x86_64-w64-mingw32/x64,America/Bogota,codetools,0.2-20
sessionInfo_cap2_01_FINAL_datos_zonificacion_qc.txt,4.4.2 (2024-10-31 ucrt),x86_64-w64-mingw32/x64,America/Bogota,compiler,4.4.2
sessionInfo_cap2_01_FINAL_datos_zonificacion_qc.txt,4.4.2 (2024-10-31 ucrt),x86_64-w64-mingw32/x64,America/Bogota,crayon,1.5.3
sessionInfo_cap2_01_FINAL_datos_zonificacion_qc.txt,4.4.2 (2024-10-31 ucrt),x86_64-w64-mingw32/x64,America/Bogota,data.table,1.17.8
sessionInfo_cap2_01_FINAL_datos_zonificacion_qc.txt,4.4.2 (2024-10-31 ucrt),x86_64-w64-mingw32/x64,America/Bogota,dplyr,1.1.4
sessionInfo_cap2_01_FINAL_datos_zonificacion_qc.txt,4.4.2 (2024-10-31 ucrt),x86_64-w64-mingw32/x64,America/Bogota,e1071,1.7-17
sessionInfo_cap2_01_FINAL_datos_zonificacion_qc.txt,4.4.2 (2024-10-31 ucrt),x86_64-w64-mingw32/x64,America/Bogota,evaluate,1.0.4
sessionInfo_cap2_01_FINAL_datos_zonificacion_qc.txt,4.4.2 (2024-10-31 ucrt),x86_64-w64-mingw32/x64,America/Bogota,farver,2.1.2
sessionInfo_cap2_01_FINAL_datos_zonificacion_qc.txt,4.4.2 (2024-10-31 ucrt),x86_64-w64-mingw32/x64,America/Bogota,fitdistrplus,1.2-4
sessionInfo_cap2_01_FINAL_datos_zonificacion_qc.txt,4.4.2 (2024-10-31 ucrt),x86_64-w64-mingw32/x64,America/Bogota,generics,0.1.4
sessionInfo_cap2_01_FINAL_datos_zonificacion_qc.txt,4.4.2 (2024-10-31 ucrt),x86_64-w64-mingw32/x64,America/Bogota,geodata,0.6-9
sessionInfo_cap2_01_FINAL_datos_zonificacion_qc.txt,4.4.2 (2024-10-31 ucrt),x86_64-w64-mingw32/x64,America/Bogota,ggnewscale,0.5.2
sessionInfo_cap2_01_FINAL_datos_zonificacion_qc.txt,4.4.2 (2024-10-31 ucrt),x86_64-w64-mingw32/x64,America/Bogota,ggplot2,3.5.2
sessionInfo_cap2_01_FINAL_datos_zonificacion_qc.txt,4.4.2 (2024-10-31 ucrt),x86_64-w64-mingw32/x64,America/Bogota,ggrepel,0.9.6
sessionInfo_cap2_01_FINAL_datos_zonificacion_qc.txt,4.4.2 (2024-10-31 ucrt),x86_64-w64-mingw32/x64,America/Bogota,ggspatial,1.1.10
sessionInfo_cap2_01_FINAL_datos_zonificacion_qc.txt,4.4.2 (2024-10-31 ucrt),x86_64-w64-mingw32/x64,America/Bogota,glue,1.8.0
sessionInfo_cap2_01_FINAL_datos_zonificacion_qc.txt,4.4.2 (2024-10-31 ucrt),x86_64-w64-mingw32/x64,America/Bogota,gtable,0.3.6
sessionInfo_cap2_01_FINAL_datos_zonificacion_qc.txt,4.4.2 (2024-10-31 ucrt),x86_64-w64-mingw32/x64,America/Bogota,hms,1.1.3
sessionInfo_cap2_01_FINAL_datos_zonificacion_qc.txt,4.4.2 (2024-10-31 ucrt),x86_64-w64-mingw32/x64,America/Bogota,knitr,1.50
sessionInfo_cap2_01_FINAL_datos_zonificacion_qc.txt,4.4.2 (2024-10-31 ucrt),x86_64-w64-mingw32/x64,America/Bogota,labeling,0.4.3
sessionInfo_cap2_01_FINAL_datos_zonificacion_qc.txt,4.4.2 (2024-10-31 ucrt),x86_64-w64-mingw32/x64,America/Bogota,lattice,0.22-6
sessionInfo_cap2_01_FINAL_datos_zonificacion_qc.txt,4.4.2 (2024-10-31 ucrt),x86_64-w64-mingw32/x64,America/Bogota,lifecycle,1.0.4
sessionInfo_cap2_01_FINAL_datos_zonificacion_qc.txt,4.4.2 (2024-10-31 ucrt),x86_64-w64-mingw32/x64,America/Bogota,lubridate,1.9.4
sessionInfo_cap2_01_FINAL_datos_zonificacion_qc.txt,4.4.2 (2024-10-31 ucrt),x86_64-w64-mingw32/x64,America/Bogota,magrittr,2.0.3
sessionInfo_cap2_01_FINAL_datos_zonificacion_qc.txt,4.4.2 (2024-10-31 ucrt),x86_64-w64-mingw32/x64,America/Bogota,openxlsx,4.2.8
sessionInfo_cap2_01_FINAL_datos_zonificacion_qc.txt,4.4.2 (2024-10-31 ucrt),x86_64-w64-mingw32/x64,America/Bogota,parallel,4.4.2
sessionInfo_cap2_01_FINAL_datos_zonificacion_qc.txt,4.4.2 (2024-10-31 ucrt),x86_64-w64-mingw32/x64,America/Bogota,patchwork,1.3.2
sessionInfo_cap2_01_FINAL_datos_zonificacion_qc.txt,4.4.2 (2024-10-31 ucrt),x86_64-w64-mingw32/x64,America/Bogota,pillar,1.11.0
sessionInfo_cap2_01_FINAL_datos_zonificacion_qc.txt,4.4.2 (2024-10-31 ucrt),x86_64-w64-mingw32/x64,America/Bogota,pkgconfig,2.0.3
sessionInfo_cap2_01_FINAL_datos_zonificacion_qc.txt,4.4.2 (2024-10-31 ucrt),x86_64-w64-mingw32/x64,America/Bogota,proxy,0.4-29
sessionInfo_cap2_01_FINAL_datos_zonificacion_qc.txt,4.4.2 (2024-10-31 ucrt),x86_64-w64-mingw32/x64,America/Bogota,purrr,1.1.0
sessionInfo_cap2_01_FINAL_datos_zonificacion_qc.txt,4.4.2 (2024-10-31 ucrt),x86_64-w64-mingw32/x64,America/Bogota,ragg,1.4.0
sessionInfo_cap2_01_FINAL_datos_zonificacion_qc.txt,4.4.2 (2024-10-31 ucrt),x86_64-w64-mingw32/x64,America/Bogota,rappdirs,0.3.3
sessionInfo_cap2_01_FINAL_datos_zonificacion_qc.txt,4.4.2 (2024-10-31 ucrt),x86_64-w64-mingw32/x64,America/Bogota,readr,2.1.5
sessionInfo_cap2_01_FINAL_datos_zonificacion_qc.txt,4.4.2 (2024-10-31 ucrt),x86_64-w64-mingw32/x64,America/Bogota,rlang,1.1.6
sessionInfo_cap2_01_FINAL_datos_zonificacion_qc.txt,4.4.2 (2024-10-31 ucrt),x86_64-w64-mingw32/x64,America/Bogota,rstudioapi,0.17.1
sessionInfo_cap2_01_FINAL_datos_zonificacion_qc.txt,4.4.2 (2024-10-31 ucrt),x86_64-w64-mingw32/x64,America/Bogota,scales,1.4.0
sessionInfo_cap2_01_FINAL_datos_zonificacion_qc.txt,4.4.2 (2024-10-31 ucrt),x86_64-w64-mingw32/x64,America/Bogota,sf,1.1-0
sessionInfo_cap2_01_FINAL_datos_zonificacion_qc.txt,4.4.2 (2024-10-31 ucrt),x86_64-w64-mingw32/x64,America/Bogota,splines,4.4.2
sessionInfo_cap2_01_FINAL_datos_zonificacion_qc.txt,4.4.2 (2024-10-31 ucrt),x86_64-w64-mingw32/x64,America/Bogota,stringi,1.8.7
sessionInfo_cap2_01_FINAL_datos_zonificacion_qc.txt,4.4.2 (2024-10-31 ucrt),x86_64-w64-mingw32/x64,America/Bogota,stringr,1.5.1
sessionInfo_cap2_01_FINAL_datos_zonificacion_qc.txt,4.4.2 (2024-10-31 ucrt),x86_64-w64-mingw32/x64,America/Bogota,survival,3.7-0
sessionInfo_cap2_01_FINAL_datos_zonificacion_qc.txt,4.4.2 (2024-10-31 ucrt),x86_64-w64-mingw32/x64,America/Bogota,svglite,2.2.2
sessionInfo_cap2_01_FINAL_datos_zonificacion_qc.txt,4.4.2 (2024-10-31 ucrt),x86_64-w64-mingw32/x64,America/Bogota,systemfonts,1.3.2
sessionInfo_cap2_01_FINAL_datos_zonificacion_qc.txt,4.4.2 (2024-10-31 ucrt),x86_64-w64-mingw32/x64,America/Bogota,terra,1.9-11
sessionInfo_cap2_01_FINAL_datos_zonificacion_qc.txt,4.4.2 (2024-10-31 ucrt),x86_64-w64-mingw32/x64,America/Bogota,textshaping,1.0.1
sessionInfo_cap2_01_FINAL_datos_zonificacion_qc.txt,4.4.2 (2024-10-31 ucrt),x86_64-w64-mingw32/x64,America/Bogota,tibble,3.3.0
sessionInfo_cap2_01_FINAL_datos_zonificacion_qc.txt,4.4.2 (2024-10-31 ucrt),x86_64-w64-mingw32/x64,America/Bogota,tidyr,1.3.1
sessionInfo_cap2_01_FINAL_datos_zonificacion_qc.txt,4.4.2 (2024-10-31 ucrt),x86_64-w64-mingw32/x64,America/Bogota,tidyselect,1.2.1
sessionInfo_cap2_01_FINAL_datos_zonificacion_qc.txt,4.4.2 (2024-10-31 ucrt),x86_64-w64-mingw32/x64,America/Bogota,timechange,0.3.0
sessionInfo_cap2_01_FINAL_datos_zonificacion_qc.txt,4.4.2 (2024-10-31 ucrt),x86_64-w64-mingw32/x64,America/Bogota,tools,4.4.2
sessionInfo_cap2_01_FINAL_datos_zonificacion_qc.txt,4.4.2 (2024-10-31 ucrt),x86_64-w64-mingw32/x64,America/Bogota,tzdb,0.5.0
sessionInfo_cap2_01_FINAL_datos_zonificacion_qc.txt,4.4.2 (2024-10-31 ucrt),x86_64-w64-mingw32/x64,America/Bogota,units,1.0-1
sessionInfo_cap2_01_FINAL_datos_zonificacion_qc.txt,4.4.2 (2024-10-31 ucrt),x86_64-w64-mingw32/x64,America/Bogota,vctrs,0.6.5
sessionInfo_cap2_01_FINAL_datos_zonificacion_qc.txt,4.4.2 (2024-10-31 ucrt),x86_64-w64-mingw32/x64,America/Bogota,vroom,1.6.5
sessionInfo_cap2_01_FINAL_datos_zonificacion_qc.txt,4.4.2 (2024-10-31 ucrt),x86_64-w64-mingw32/x64,America/Bogota,withr,3.0.2
sessionInfo_cap2_01_FINAL_datos_zonificacion_qc.txt,4.4.2 (2024-10-31 ucrt),x86_64-w64-mingw32/x64,America/Bogota,x86,64-w64-mingw32
sessionInfo_cap2_01_FINAL_datos_zonificacion_qc.txt,4.4.2 (2024-10-31 ucrt),x86_64-w64-mingw32/x64,America/Bogota,xfun,0.57
sessionInfo_cap2_01_FINAL_datos_zonificacion_qc.txt,4.4.2 (2024-10-31 ucrt),x86_64-w64-mingw32/x64,America/Bogota,zip,2.3.3
sessionInfo_cap2_01_FINAL_datos_zonificacion_qc.txt,4.4.2 (2024-10-31 ucrt),x86_64-w64-mingw32/x64,America/Bogota,zoo,1.8-15
sessionInfo_cap2_B_analisis_fisico_estadistico_multizona.txt,4.4.2 (2024-10-31 ucrt),x86_64-w64-mingw32/x64,America/Bogota,MASS,7.3-61
sessionInfo_cap2_B_analisis_fisico_estadistico_multizona.txt,4.4.2 (2024-10-31 ucrt),x86_64-w64-mingw32/x64,America/Bogota,Matrix,1.7-1
sessionInfo_cap2_B_analisis_fisico_estadistico_multizona.txt,4.4.2 (2024-10-31 ucrt),x86_64-w64-mingw32/x64,America/Bogota,R6,2.6.1
sessionInfo_cap2_B_analisis_fisico_estadistico_multizona.txt,4.4.2 (2024-10-31 ucrt),x86_64-w64-mingw32/x64,America/Bogota,RColorBrewer,1.1-3
sessionInfo_cap2_B_analisis_fisico_estadistico_multizona.txt,4.4.2 (2024-10-31 ucrt),x86_64-w64-mingw32/x64,America/Bogota,Rcpp,1.1.0
sessionInfo_cap2_B_analisis_fisico_estadistico_multizona.txt,4.4.2 (2024-10-31 ucrt),x86_64-w64-mingw32/x64,America/Bogota,WaveletComp,1.2
sessionInfo_cap2_B_analisis_fisico_estadistico_multizona.txt,4.4.2 (2024-10-31 ucrt),x86_64-w64-mingw32/x64,America/Bogota,bit,4.6.0
sessionInfo_cap2_B_analisis_fisico_estadistico_multizona.txt,4.4.2 (2024-10-31 ucrt),x86_64-w64-mingw32/x64,America/Bogota,bit64,4.6.0-1
sessionInfo_cap2_B_analisis_fisico_estadistico_multizona.txt,4.4.2 (2024-10-31 ucrt),x86_64-w64-mingw32/x64,America/Bogota,cli,3.6.5
sessionInfo_cap2_B_analisis_fisico_estadistico_multizona.txt,4.4.2 (2024-10-31 ucrt),x86_64-w64-mingw32/x64,America/Bogota,compiler,4.4.2
sessionInfo_cap2_B_analisis_fisico_estadistico_multizona.txt,4.4.2 (2024-10-31 ucrt),x86_64-w64-mingw32/x64,America/Bogota,data.table,1.17.8
sessionInfo_cap2_B_analisis_fisico_estadistico_multizona.txt,4.4.2 (2024-10-31 ucrt),x86_64-w64-mingw32/x64,America/Bogota,dplyr,1.1.4
sessionInfo_cap2_B_analisis_fisico_estadistico_multizona.txt,4.4.2 (2024-10-31 ucrt),x86_64-w64-mingw32/x64,America/Bogota,farver,2.1.2
sessionInfo_cap2_B_analisis_fisico_estadistico_multizona.txt,4.4.2 (2024-10-31 ucrt),x86_64-w64-mingw32/x64,America/Bogota,fitdistrplus,1.2-4
sessionInfo_cap2_B_analisis_fisico_estadistico_multizona.txt,4.4.2 (2024-10-31 ucrt),x86_64-w64-mingw32/x64,America/Bogota,generics,0.1.4
sessionInfo_cap2_B_analisis_fisico_estadistico_multizona.txt,4.4.2 (2024-10-31 ucrt),x86_64-w64-mingw32/x64,America/Bogota,ggplot2,3.5.2
sessionInfo_cap2_B_analisis_fisico_estadistico_multizona.txt,4.4.2 (2024-10-31 ucrt),x86_64-w64-mingw32/x64,America/Bogota,glue,1.8.0
sessionInfo_cap2_B_analisis_fisico_estadistico_multizona.txt,4.4.2 (2024-10-31 ucrt),x86_64-w64-mingw32/x64,America/Bogota,grid,4.4.2
sessionInfo_cap2_B_analisis_fisico_estadistico_multizona.txt,4.4.2 (2024-10-31 ucrt),x86_64-w64-mingw32/x64,America/Bogota,gtable,0.3.6
sessionInfo_cap2_B_analisis_fisico_estadistico_multizona.txt,4.4.2 (2024-10-31 ucrt),x86_64-w64-mingw32/x64,America/Bogota,labeling,0.4.3
sessionInfo_cap2_B_analisis_fisico_estadistico_multizona.txt,4.4.2 (2024-10-31 ucrt),x86_64-w64-mingw32/x64,America/Bogota,lattice,0.22-6
sessionInfo_cap2_B_analisis_fisico_estadistico_multizona.txt,4.4.2 (2024-10-31 ucrt),x86_64-w64-mingw32/x64,America/Bogota,lifecycle,1.0.4
sessionInfo_cap2_B_analisis_fisico_estadistico_multizona.txt,4.4.2 (2024-10-31 ucrt),x86_64-w64-mingw32/x64,America/Bogota,lubridate,1.9.4
sessionInfo_cap2_B_analisis_fisico_estadistico_multizona.txt,4.4.2 (2024-10-31 ucrt),x86_64-w64-mingw32/x64,America/Bogota,magrittr,2.0.3
sessionInfo_cap2_B_analisis_fisico_estadistico_multizona.txt,4.4.2 (2024-10-31 ucrt),x86_64-w64-mingw32/x64,America/Bogota,moments,0.14.1
sessionInfo_cap2_B_analisis_fisico_estadistico_multizona.txt,4.4.2 (2024-10-31 ucrt),x86_64-w64-mingw32/x64,America/Bogota,openxlsx,4.2.8
sessionInfo_cap2_B_analisis_fisico_estadistico_multizona.txt,4.4.2 (2024-10-31 ucrt),x86_64-w64-mingw32/x64,America/Bogota,pillar,1.11.0
sessionInfo_cap2_B_analisis_fisico_estadistico_multizona.txt,4.4.2 (2024-10-31 ucrt),x86_64-w64-mingw32/x64,America/Bogota,pkgconfig,2.0.3
sessionInfo_cap2_B_analisis_fisico_estadistico_multizona.txt,4.4.2 (2024-10-31 ucrt),x86_64-w64-mingw32/x64,America/Bogota,ragg,1.4.0
sessionInfo_cap2_B_analisis_fisico_estadistico_multizona.txt,4.4.2 (2024-10-31 ucrt),x86_64-w64-mingw32/x64,America/Bogota,rlang,1.1.6
sessionInfo_cap2_B_analisis_fisico_estadistico_multizona.txt,4.4.2 (2024-10-31 ucrt),x86_64-w64-mingw32/x64,America/Bogota,rstudioapi,0.17.1
sessionInfo_cap2_B_analisis_fisico_estadistico_multizona.txt,4.4.2 (2024-10-31 ucrt),x86_64-w64-mingw32/x64,America/Bogota,scales,1.4.0
sessionInfo_cap2_B_analisis_fisico_estadistico_multizona.txt,4.4.2 (2024-10-31 ucrt),x86_64-w64-mingw32/x64,America/Bogota,splines,4.4.2
sessionInfo_cap2_B_analisis_fisico_estadistico_multizona.txt,4.4.2 (2024-10-31 ucrt),x86_64-w64-mingw32/x64,America/Bogota,stringi,1.8.7
sessionInfo_cap2_B_analisis_fisico_estadistico_multizona.txt,4.4.2 (2024-10-31 ucrt),x86_64-w64-mingw32/x64,America/Bogota,stringr,1.5.1
sessionInfo_cap2_B_analisis_fisico_estadistico_multizona.txt,4.4.2 (2024-10-31 ucrt),x86_64-w64-mingw32/x64,America/Bogota,survival,3.7-0
sessionInfo_cap2_B_analisis_fisico_estadistico_multizona.txt,4.4.2 (2024-10-31 ucrt),x86_64-w64-mingw32/x64,America/Bogota,svglite,2.2.2
sessionInfo_cap2_B_analisis_fisico_estadistico_multizona.txt,4.4.2 (2024-10-31 ucrt),x86_64-w64-mingw32/x64,America/Bogota,systemfonts,1.3.2
sessionInfo_cap2_B_analisis_fisico_estadistico_multizona.txt,4.4.2 (2024-10-31 ucrt),x86_64-w64-mingw32/x64,America/Bogota,textshaping,1.0.1
sessionInfo_cap2_B_analisis_fisico_estadistico_multizona.txt,4.4.2 (2024-10-31 ucrt),x86_64-w64-mingw32/x64,America/Bogota,tibble,3.3.0
sessionInfo_cap2_B_analisis_fisico_estadistico_multizona.txt,4.4.2 (2024-10-31 ucrt),x86_64-w64-mingw32/x64,America/Bogota,tidyselect,1.2.1
sessionInfo_cap2_B_analisis_fisico_estadistico_multizona.txt,4.4.2 (2024-10-31 ucrt),x86_64-w64-mingw32/x64,America/Bogota,timechange,0.3.0
sessionInfo_cap2_B_analisis_fisico_estadistico_multizona.txt,4.4.2 (2024-10-31 ucrt),x86_64-w64-mingw32/x64,America/Bogota,tools,4.4.2
sessionInfo_cap2_B_analisis_fisico_estadistico_multizona.txt,4.4.2 (2024-10-31 ucrt),x86_64-w64-mingw32/x64,America/Bogota,vctrs,0.6.5
sessionInfo_cap2_B_analisis_fisico_estadistico_multizona.txt,4.4.2 (2024-10-31 ucrt),x86_64-w64-mingw32/x64,America/Bogota,withr,3.0.2
sessionInfo_cap2_B_analisis_fisico_estadistico_multizona.txt,4.4.2 (2024-10-31 ucrt),x86_64-w64-mingw32/x64,America/Bogota,x86,64-w64-mingw32
sessionInfo_cap2_B_analisis_fisico_estadistico_multizona.txt,4.4.2 (2024-10-31 ucrt),x86_64-w64-mingw32/x64,America/Bogota,zip,2.3.3
sessionInfo_cap2_B_analisis_fisico_estadistico_multizona.txt,4.4.2 (2024-10-31 ucrt),x86_64-w64-mingw32/x64,America/Bogota,zoo,1.8-15
sessionInfo_cap2_C_dependencia_temporal_espectral_wavelet_V3.txt,4.4.2 (2024-10-31 ucrt),x86_64-w64-mingw32/x64,America/Bogota,MASS,7.3-61
sessionInfo_cap2_C_dependencia_temporal_espectral_wavelet_V3.txt,4.4.2 (2024-10-31 ucrt),x86_64-w64-mingw32/x64,America/Bogota,Matrix,1.7-1
sessionInfo_cap2_C_dependencia_temporal_espectral_wavelet_V3.txt,4.4.2 (2024-10-31 ucrt),x86_64-w64-mingw32/x64,America/Bogota,R6,2.6.1
sessionInfo_cap2_C_dependencia_temporal_espectral_wavelet_V3.txt,4.4.2 (2024-10-31 ucrt),x86_64-w64-mingw32/x64,America/Bogota,RColorBrewer,1.1-3
sessionInfo_cap2_C_dependencia_temporal_espectral_wavelet_V3.txt,4.4.2 (2024-10-31 ucrt),x86_64-w64-mingw32/x64,America/Bogota,Rcpp,1.1.0
sessionInfo_cap2_C_dependencia_temporal_espectral_wavelet_V3.txt,4.4.2 (2024-10-31 ucrt),x86_64-w64-mingw32/x64,America/Bogota,WaveletComp,1.2
sessionInfo_cap2_C_dependencia_temporal_espectral_wavelet_V3.txt,4.4.2 (2024-10-31 ucrt),x86_64-w64-mingw32/x64,America/Bogota,bit,4.6.0
sessionInfo_cap2_C_dependencia_temporal_espectral_wavelet_V3.txt,4.4.2 (2024-10-31 ucrt),x86_64-w64-mingw32/x64,America/Bogota,bit64,4.6.0-1
sessionInfo_cap2_C_dependencia_temporal_espectral_wavelet_V3.txt,4.4.2 (2024-10-31 ucrt),x86_64-w64-mingw32/x64,America/Bogota,cli,3.6.5
sessionInfo_cap2_C_dependencia_temporal_espectral_wavelet_V3.txt,4.4.2 (2024-10-31 ucrt),x86_64-w64-mingw32/x64,America/Bogota,compiler,4.4.2
sessionInfo_cap2_C_dependencia_temporal_espectral_wavelet_V3.txt,4.4.2 (2024-10-31 ucrt),x86_64-w64-mingw32/x64,America/Bogota,data.table,1.17.8
sessionInfo_cap2_C_dependencia_temporal_espectral_wavelet_V3.txt,4.4.2 (2024-10-31 ucrt),x86_64-w64-mingw32/x64,America/Bogota,dplyr,1.1.4
sessionInfo_cap2_C_dependencia_temporal_espectral_wavelet_V3.txt,4.4.2 (2024-10-31 ucrt),x86_64-w64-mingw32/x64,America/Bogota,farver,2.1.2
sessionInfo_cap2_C_dependencia_temporal_espectral_wavelet_V3.txt,4.4.2 (2024-10-31 ucrt),x86_64-w64-mingw32/x64,America/Bogota,fitdistrplus,1.2-4
sessionInfo_cap2_C_dependencia_temporal_espectral_wavelet_V3.txt,4.4.2 (2024-10-31 ucrt),x86_64-w64-mingw32/x64,America/Bogota,generics,0.1.4
sessionInfo_cap2_C_dependencia_temporal_espectral_wavelet_V3.txt,4.4.2 (2024-10-31 ucrt),x86_64-w64-mingw32/x64,America/Bogota,ggplot2,3.5.2
sessionInfo_cap2_C_dependencia_temporal_espectral_wavelet_V3.txt,4.4.2 (2024-10-31 ucrt),x86_64-w64-mingw32/x64,America/Bogota,glue,1.8.0
sessionInfo_cap2_C_dependencia_temporal_espectral_wavelet_V3.txt,4.4.2 (2024-10-31 ucrt),x86_64-w64-mingw32/x64,America/Bogota,grid,4.4.2
sessionInfo_cap2_C_dependencia_temporal_espectral_wavelet_V3.txt,4.4.2 (2024-10-31 ucrt),x86_64-w64-mingw32/x64,America/Bogota,gtable,0.3.6
sessionInfo_cap2_C_dependencia_temporal_espectral_wavelet_V3.txt,4.4.2 (2024-10-31 ucrt),x86_64-w64-mingw32/x64,America/Bogota,labeling,0.4.3
sessionInfo_cap2_C_dependencia_temporal_espectral_wavelet_V3.txt,4.4.2 (2024-10-31 ucrt),x86_64-w64-mingw32/x64,America/Bogota,lattice,0.22-6
sessionInfo_cap2_C_dependencia_temporal_espectral_wavelet_V3.txt,4.4.2 (2024-10-31 ucrt),x86_64-w64-mingw32/x64,America/Bogota,lifecycle,1.0.4
sessionInfo_cap2_C_dependencia_temporal_espectral_wavelet_V3.txt,4.4.2 (2024-10-31 ucrt),x86_64-w64-mingw32/x64,America/Bogota,lubridate,1.9.4
sessionInfo_cap2_C_dependencia_temporal_espectral_wavelet_V3.txt,4.4.2 (2024-10-31 ucrt),x86_64-w64-mingw32/x64,America/Bogota,magrittr,2.0.3
sessionInfo_cap2_C_dependencia_temporal_espectral_wavelet_V3.txt,4.4.2 (2024-10-31 ucrt),x86_64-w64-mingw32/x64,America/Bogota,moments,0.14.1
sessionInfo_cap2_C_dependencia_temporal_espectral_wavelet_V3.txt,4.4.2 (2024-10-31 ucrt),x86_64-w64-mingw32/x64,America/Bogota,openxlsx,4.2.8
sessionInfo_cap2_C_dependencia_temporal_espectral_wavelet_V3.txt,4.4.2 (2024-10-31 ucrt),x86_64-w64-mingw32/x64,America/Bogota,pillar,1.11.0
sessionInfo_cap2_C_dependencia_temporal_espectral_wavelet_V3.txt,4.4.2 (2024-10-31 ucrt),x86_64-w64-mingw32/x64,America/Bogota,pkgconfig,2.0.3
sessionInfo_cap2_C_dependencia_temporal_espectral_wavelet_V3.txt,4.4.2 (2024-10-31 ucrt),x86_64-w64-mingw32/x64,America/Bogota,ragg,1.4.0
sessionInfo_cap2_C_dependencia_temporal_espectral_wavelet_V3.txt,4.4.2 (2024-10-31 ucrt),x86_64-w64-mingw32/x64,America/Bogota,rlang,1.1.6
sessionInfo_cap2_C_dependencia_temporal_espectral_wavelet_V3.txt,4.4.2 (2024-10-31 ucrt),x86_64-w64-mingw32/x64,America/Bogota,rstudioapi,0.17.1
sessionInfo_cap2_C_dependencia_temporal_espectral_wavelet_V3.txt,4.4.2 (2024-10-31 ucrt),x86_64-w64-mingw32/x64,America/Bogota,scales,1.4.0
sessionInfo_cap2_C_dependencia_temporal_espectral_wavelet_V3.txt,4.4.2 (2024-10-31 ucrt),x86_64-w64-mingw32/x64,America/Bogota,splines,4.4.2
sessionInfo_cap2_C_dependencia_temporal_espectral_wavelet_V3.txt,4.4.2 (2024-10-31 ucrt),x86_64-w64-mingw32/x64,America/Bogota,stringi,1.8.7
sessionInfo_cap2_C_dependencia_temporal_espectral_wavelet_V3.txt,4.4.2 (2024-10-31 ucrt),x86_64-w64-mingw32/x64,America/Bogota,stringr,1.5.1
sessionInfo_cap2_C_dependencia_temporal_espectral_wavelet_V3.txt,4.4.2 (2024-10-31 ucrt),x86_64-w64-mingw32/x64,America/Bogota,survival,3.7-0
sessionInfo_cap2_C_dependencia_temporal_espectral_wavelet_V3.txt,4.4.2 (2024-10-31 ucrt),x86_64-w64-mingw32/x64,America/Bogota,svglite,2.2.2
sessionInfo_cap2_C_dependencia_temporal_espectral_wavelet_V3.txt,4.4.2 (2024-10-31 ucrt),x86_64-w64-mingw32/x64,America/Bogota,systemfonts,1.3.2
sessionInfo_cap2_C_dependencia_temporal_espectral_wavelet_V3.txt,4.4.2 (2024-10-31 ucrt),x86_64-w64-mingw32/x64,America/Bogota,textshaping,1.0.1
sessionInfo_cap2_C_dependencia_temporal_espectral_wavelet_V3.txt,4.4.2 (2024-10-31 ucrt),x86_64-w64-mingw32/x64,America/Bogota,tibble,3.3.0
sessionInfo_cap2_C_dependencia_temporal_espectral_wavelet_V3.txt,4.4.2 (2024-10-31 ucrt),x86_64-w64-mingw32/x64,America/Bogota,tidyselect,1.2.1
sessionInfo_cap2_C_dependencia_temporal_espectral_wavelet_V3.txt,4.4.2 (2024-10-31 ucrt),x86_64-w64-mingw32/x64,America/Bogota,timechange,0.3.0
sessionInfo_cap2_C_dependencia_temporal_espectral_wavelet_V3.txt,4.4.2 (2024-10-31 ucrt),x86_64-w64-mingw32/x64,America/Bogota,tools,4.4.2
sessionInfo_cap2_C_dependencia_temporal_espectral_wavelet_V3.txt,4.4.2 (2024-10-31 ucrt),x86_64-w64-mingw32/x64,America/Bogota,vctrs,0.6.5
sessionInfo_cap2_C_dependencia_temporal_espectral_wavelet_V3.txt,4.4.2 (2024-10-31 ucrt),x86_64-w64-mingw32/x64,America/Bogota,withr,3.0.2
sessionInfo_cap2_C_dependencia_temporal_espectral_wavelet_V3.txt,4.4.2 (2024-10-31 ucrt),x86_64-w64-mingw32/x64,America/Bogota,x86,64-w64-mingw32
sessionInfo_cap2_C_dependencia_temporal_espectral_wavelet_V3.txt,4.4.2 (2024-10-31 ucrt),x86_64-w64-mingw32/x64,America/Bogota,zip,2.3.3
sessionInfo_cap2_C_dependencia_temporal_espectral_wavelet_V3.txt,4.4.2 (2024-10-31 ucrt),x86_64-w64-mingw32/x64,America/Bogota,zoo,1.8-15
sessionInfo_cap3_congelamiento.txt,4.4.2 (2024-10-31 ucrt),x86_64-w64-mingw32/x64,America/Bogota,R6,2.6.1
sessionInfo_cap3_congelamiento.txt,4.4.2 (2024-10-31 ucrt),x86_64-w64-mingw32/x64,America/Bogota,RColorBrewer,1.1-3
sessionInfo_cap3_congelamiento.txt,4.4.2 (2024-10-31 ucrt),x86_64-w64-mingw32/x64,America/Bogota,Rcpp,1.1.0
sessionInfo_cap3_congelamiento.txt,4.4.2 (2024-10-31 ucrt),x86_64-w64-mingw32/x64,America/Bogota,askpass,1.2.1
sessionInfo_cap3_congelamiento.txt,4.4.2 (2024-10-31 ucrt),x86_64-w64-mingw32/x64,America/Bogota,bit,4.6.0
sessionInfo_cap3_congelamiento.txt,4.4.2 (2024-10-31 ucrt),x86_64-w64-mingw32/x64,America/Bogota,bit64,4.6.0-1
sessionInfo_cap3_congelamiento.txt,4.4.2 (2024-10-31 ucrt),x86_64-w64-mingw32/x64,America/Bogota,cli,3.6.5
sessionInfo_cap3_congelamiento.txt,4.4.2 (2024-10-31 ucrt),x86_64-w64-mingw32/x64,America/Bogota,compiler,4.4.2
sessionInfo_cap3_congelamiento.txt,4.4.2 (2024-10-31 ucrt),x86_64-w64-mingw32/x64,America/Bogota,data.table,1.18.2.1
sessionInfo_cap3_congelamiento.txt,4.4.2 (2024-10-31 ucrt),x86_64-w64-mingw32/x64,America/Bogota,digest,0.6.37
sessionInfo_cap3_congelamiento.txt,4.4.2 (2024-10-31 ucrt),x86_64-w64-mingw32/x64,America/Bogota,dplyr,1.1.4
sessionInfo_cap3_congelamiento.txt,4.4.2 (2024-10-31 ucrt),x86_64-w64-mingw32/x64,America/Bogota,farver,2.1.2
sessionInfo_cap3_congelamiento.txt,4.4.2 (2024-10-31 ucrt),x86_64-w64-mingw32/x64,America/Bogota,generics,0.1.4
sessionInfo_cap3_congelamiento.txt,4.4.2 (2024-10-31 ucrt),x86_64-w64-mingw32/x64,America/Bogota,ggplot2,3.5.2
sessionInfo_cap3_congelamiento.txt,4.4.2 (2024-10-31 ucrt),x86_64-w64-mingw32/x64,America/Bogota,glue,1.8.0
sessionInfo_cap3_congelamiento.txt,4.4.2 (2024-10-31 ucrt),x86_64-w64-mingw32/x64,America/Bogota,grid,4.4.2
sessionInfo_cap3_congelamiento.txt,4.4.2 (2024-10-31 ucrt),x86_64-w64-mingw32/x64,America/Bogota,gtable,0.3.6
sessionInfo_cap3_congelamiento.txt,4.4.2 (2024-10-31 ucrt),x86_64-w64-mingw32/x64,America/Bogota,labeling,0.4.3
sessionInfo_cap3_congelamiento.txt,4.4.2 (2024-10-31 ucrt),x86_64-w64-mingw32/x64,America/Bogota,lifecycle,1.0.4
sessionInfo_cap3_congelamiento.txt,4.4.2 (2024-10-31 ucrt),x86_64-w64-mingw32/x64,America/Bogota,lubridate,1.9.5
sessionInfo_cap3_congelamiento.txt,4.4.2 (2024-10-31 ucrt),x86_64-w64-mingw32/x64,America/Bogota,magrittr,2.0.3
sessionInfo_cap3_congelamiento.txt,4.4.2 (2024-10-31 ucrt),x86_64-w64-mingw32/x64,America/Bogota,officer,0.7.3
sessionInfo_cap3_congelamiento.txt,4.4.2 (2024-10-31 ucrt),x86_64-w64-mingw32/x64,America/Bogota,openssl,2.3.3
sessionInfo_cap3_congelamiento.txt,4.4.2 (2024-10-31 ucrt),x86_64-w64-mingw32/x64,America/Bogota,openxlsx,4.2.8
sessionInfo_cap3_congelamiento.txt,4.4.2 (2024-10-31 ucrt),x86_64-w64-mingw32/x64,America/Bogota,pillar,1.11.0
sessionInfo_cap3_congelamiento.txt,4.4.2 (2024-10-31 ucrt),x86_64-w64-mingw32/x64,America/Bogota,pkgconfig,2.0.3
sessionInfo_cap3_congelamiento.txt,4.4.2 (2024-10-31 ucrt),x86_64-w64-mingw32/x64,America/Bogota,purrr,1.1.0
sessionInfo_cap3_congelamiento.txt,4.4.2 (2024-10-31 ucrt),x86_64-w64-mingw32/x64,America/Bogota,ragg,1.4.0
sessionInfo_cap3_congelamiento.txt,4.4.2 (2024-10-31 ucrt),x86_64-w64-mingw32/x64,America/Bogota,rlang,1.1.6
sessionInfo_cap3_congelamiento.txt,4.4.2 (2024-10-31 ucrt),x86_64-w64-mingw32/x64,America/Bogota,rstudioapi,0.17.1
sessionInfo_cap3_congelamiento.txt,4.4.2 (2024-10-31 ucrt),x86_64-w64-mingw32/x64,America/Bogota,scales,1.4.0
sessionInfo_cap3_congelamiento.txt,4.4.2 (2024-10-31 ucrt),x86_64-w64-mingw32/x64,America/Bogota,stringi,1.8.7
sessionInfo_cap3_congelamiento.txt,4.4.2 (2024-10-31 ucrt),x86_64-w64-mingw32/x64,America/Bogota,systemfonts,1.3.2
sessionInfo_cap3_congelamiento.txt,4.4.2 (2024-10-31 ucrt),x86_64-w64-mingw32/x64,America/Bogota,textshaping,1.0.1
sessionInfo_cap3_congelamiento.txt,4.4.2 (2024-10-31 ucrt),x86_64-w64-mingw32/x64,America/Bogota,tibble,3.3.0
sessionInfo_cap3_congelamiento.txt,4.4.2 (2024-10-31 ucrt),x86_64-w64-mingw32/x64,America/Bogota,tidyr,1.3.1
sessionInfo_cap3_congelamiento.txt,4.4.2 (2024-10-31 ucrt),x86_64-w64-mingw32/x64,America/Bogota,tidyselect,1.2.1
sessionInfo_cap3_congelamiento.txt,4.4.2 (2024-10-31 ucrt),x86_64-w64-mingw32/x64,America/Bogota,timechange,0.4.0
sessionInfo_cap3_congelamiento.txt,4.4.2 (2024-10-31 ucrt),x86_64-w64-mingw32/x64,America/Bogota,tools,4.4.2
sessionInfo_cap3_congelamiento.txt,4.4.2 (2024-10-31 ucrt),x86_64-w64-mingw32/x64,America/Bogota,uuid,1.2-1
sessionInfo_cap3_congelamiento.txt,4.4.2 (2024-10-31 ucrt),x86_64-w64-mingw32/x64,America/Bogota,vctrs,0.6.5
sessionInfo_cap3_congelamiento.txt,4.4.2 (2024-10-31 ucrt),x86_64-w64-mingw32/x64,America/Bogota,withr,3.0.2
sessionInfo_cap3_congelamiento.txt,4.4.2 (2024-10-31 ucrt),x86_64-w64-mingw32/x64,America/Bogota,x86,64-w64-mingw32
sessionInfo_cap3_congelamiento.txt,4.4.2 (2024-10-31 ucrt),x86_64-w64-mingw32/x64,America/Bogota,xml2,1.3.8
sessionInfo_cap3_congelamiento.txt,4.4.2 (2024-10-31 ucrt),x86_64-w64-mingw32/x64,America/Bogota,zip,2.3.3
sessionInfo_cap4.txt,4.4.2 (2024-10-31 ucrt),x86_64-w64-mingw32/x64,America/Bogota,R6,2.6.1
sessionInfo_cap4.txt,4.4.2 (2024-10-31 ucrt),x86_64-w64-mingw32/x64,America/Bogota,RColorBrewer,1.1-3
sessionInfo_cap4.txt,4.4.2 (2024-10-31 ucrt),x86_64-w64-mingw32/x64,America/Bogota,cli,3.6.5
sessionInfo_cap4.txt,4.4.2 (2024-10-31 ucrt),x86_64-w64-mingw32/x64,America/Bogota,compiler,4.4.2
sessionInfo_cap4.txt,4.4.2 (2024-10-31 ucrt),x86_64-w64-mingw32/x64,America/Bogota,data.table,1.18.2.1
sessionInfo_cap4.txt,4.4.2 (2024-10-31 ucrt),x86_64-w64-mingw32/x64,America/Bogota,dplyr,1.1.4
sessionInfo_cap4.txt,4.4.2 (2024-10-31 ucrt),x86_64-w64-mingw32/x64,America/Bogota,farver,2.1.2
sessionInfo_cap4.txt,4.4.2 (2024-10-31 ucrt),x86_64-w64-mingw32/x64,America/Bogota,generics,0.1.4
sessionInfo_cap4.txt,4.4.2 (2024-10-31 ucrt),x86_64-w64-mingw32/x64,America/Bogota,ggplot2,3.5.2
sessionInfo_cap4.txt,4.4.2 (2024-10-31 ucrt),x86_64-w64-mingw32/x64,America/Bogota,glue,1.8.0
sessionInfo_cap4.txt,4.4.2 (2024-10-31 ucrt),x86_64-w64-mingw32/x64,America/Bogota,grid,4.4.2
sessionInfo_cap4.txt,4.4.2 (2024-10-31 ucrt),x86_64-w64-mingw32/x64,America/Bogota,gtable,0.3.6
sessionInfo_cap4.txt,4.4.2 (2024-10-31 ucrt),x86_64-w64-mingw32/x64,America/Bogota,labeling,0.4.3
sessionInfo_cap4.txt,4.4.2 (2024-10-31 ucrt),x86_64-w64-mingw32/x64,America/Bogota,lifecycle,1.0.4
sessionInfo_cap4.txt,4.4.2 (2024-10-31 ucrt),x86_64-w64-mingw32/x64,America/Bogota,magrittr,2.0.3
sessionInfo_cap4.txt,4.4.2 (2024-10-31 ucrt),x86_64-w64-mingw32/x64,America/Bogota,pillar,1.11.0
sessionInfo_cap4.txt,4.4.2 (2024-10-31 ucrt),x86_64-w64-mingw32/x64,America/Bogota,pkgconfig,2.0.3
sessionInfo_cap4.txt,4.4.2 (2024-10-31 ucrt),x86_64-w64-mingw32/x64,America/Bogota,ragg,1.4.0
sessionInfo_cap4.txt,4.4.2 (2024-10-31 ucrt),x86_64-w64-mingw32/x64,America/Bogota,rlang,1.1.6
sessionInfo_cap4.txt,4.4.2 (2024-10-31 ucrt),x86_64-w64-mingw32/x64,America/Bogota,rstudioapi,0.17.1
sessionInfo_cap4.txt,4.4.2 (2024-10-31 ucrt),x86_64-w64-mingw32/x64,America/Bogota,scales,1.4.0
sessionInfo_cap4.txt,4.4.2 (2024-10-31 ucrt),x86_64-w64-mingw32/x64,America/Bogota,systemfonts,1.3.2
sessionInfo_cap4.txt,4.4.2 (2024-10-31 ucrt),x86_64-w64-mingw32/x64,America/Bogota,textshaping,1.0.1
sessionInfo_cap4.txt,4.4.2 (2024-10-31 ucrt),x86_64-w64-mingw32/x64,America/Bogota,tibble,3.3.0
sessionInfo_cap4.txt,4.4.2 (2024-10-31 ucrt),x86_64-w64-mingw32/x64,America/Bogota,tidyselect,1.2.1
sessionInfo_cap4.txt,4.4.2 (2024-10-31 ucrt),x86_64-w64-mingw32/x64,America/Bogota,tools,4.4.2
sessionInfo_cap4.txt,4.4.2 (2024-10-31 ucrt),x86_64-w64-mingw32/x64,America/Bogota,vctrs,0.6.5
sessionInfo_cap4.txt,4.4.2 (2024-10-31 ucrt),x86_64-w64-mingw32/x64,America/Bogota,withr,3.0.2
sessionInfo_cap4.txt,4.4.2 (2024-10-31 ucrt),x86_64-w64-mingw32/x64,America/Bogota,x86,64-w64-mingw32
