path,size_bytes,sha256
01_THESIS/01_repository_scope.md,5181,d6434055e2f7e3a68632fe4c29e9a5803601ae70dcc8985e558ad15b38458f72
01_THESIS/02_contributions_summary.md,4592,765f4cee5f1e480ad4a097cfddd395f23938b4137bc1224cb9e3d31a11db30ba
01_THESIS/03_repository_map.md,5004,2909f6c53129f4914a4a5cb4c4891da68821767435b9423331c888009722bed2
01_THESIS/04_citation.md,1492,5aebec3087a80235cb7da010a61e5d4e9e396b87d67915e29a4deb61829e9c96
01_THESIS/05_version_control_and_hashes.md,1499,0b0bcfa4c3213be9b8d5ddb28ad09f61db171bc948a7c545b8c5ecbf4c12ee02
01_THESIS/06_thesis_pdf_publication_status.md,1325,c84c9cd9a1e7b1a8944f9cbd7e264d00787a636c415ff160364141a16bc87597
01_THESIS/README.md,2081,a03fca5bc8e4baf02ad597860e14a57ab756b84b7c1d570c66a27fcf5a0e8245
01_THESIS/canonical_thesis_reference.txt,561,45bb5fa71ac2638bfb6ed68806a0e75cdc4159862fc8eeba97972496be30a97b
02_DATA_METADATA/01_dataset_overview.md,3550,cff5cbcebc39fb2912901365d94654f97814b96626acddca6785a24d81898d40
02_DATA_METADATA/02_variable_dictionary.md,4378,615f5bdda307d7e1a95b0bee2a580121dcf883039985298f0b05e4d4b592e944
02_DATA_METADATA/03_station_zone_mapping.md,2453,bbb3f06b45335e224e3ee59bf6d182d7f257a0f7462166b2f97febfe81d201ad
02_DATA_METADATA/04_data_processing_notes.md,3081,50b7a24fa6b018defd66d2c940daa39733a36acdbab2824c12fffb0c34f69f68
02_DATA_METADATA/05_data_availability.md,2823,dcd1aee86f43eefa8e9375cb2229626f2f09782e14dd990e60a306b59485c778
02_DATA_METADATA/06_data_lineage.md,2252,29139154e52f8d2c66863d9d0a8406490c968afb4fb3add35ce7e5d938c7317e
02_DATA_METADATA/07_known_metadata_constraints.md,2123,aa2d9435b36e86348f498acf6e5e00223a18dbf98d63c2260eb989604b5c3bd7
02_DATA_METADATA/README.md,3566,27043a6959798f15acc8358bd89f103c668963d44ccadec3b0830bcd973e8090
02_DATA_METADATA/_manifest_sha256.csv,1892,2ba24773597e59da5fa254a6aafadb56db3c458df72c17ed068881423097fe3c
02_DATA_METADATA/data/README.md,673,6bc7eaaf2bdf6e5e9d153231db60afe5bae9c8489870bf9f754473f8b62d1a26
02_DATA_METADATA/data/expected_input_schema.csv,41,e1b4c094108a045693bc6cf5293cf352447d7ee886199da9f255fc8f3efba558
02_DATA_METADATA/tables/air_density_source_by_zone.csv,286,78a96d76a1206a287838375ae1d2be1f2bc99c1da38a2175d84257cb9f949456
02_DATA_METADATA/tables/air_density_source_global.csv,128,851cbd5f3408ee3ba5af0b4839db7554194cf295d52a938899c0a35162ed940e
02_DATA_METADATA/tables/analytical_rows_by_zone.csv,57,b6ab854c1fe0b183b84194d7175fe1142046665c7799cab020c0dc980266ebb0
02_DATA_METADATA/tables/dataset_layers.csv,525,dc05e0746fe393c7c57c1c5486db0795269fe45714fb3960d77b13a86427e6bd
02_DATA_METADATA/tables/source_audit_summary.csv,350,f26e62f0faee7221e3749d41d4356ee5c120d4d0a6a680b8a015e863fce51727
02_DATA_METADATA/tables/station_inventory.csv,1553,c528d121550074d8b693c2d714e74fd7c2a24769f2d963a2b0804398b8657ce3
02_DATA_METADATA/tables/variable_counts.csv,436,bdc100416149af02113f79fb627b31b6e6959e8876115967af33be42fad21a12
02_DATA_METADATA/tables/wind_speed_coverage_by_station.csv,1735,9f764f52e893c749546d3b0e4ab27b95c5405a8353bfa8908cc4690d31282155
02_DATA_METADATA/tables/wind_speed_coverage_by_zone.csv,425,f6373cedf685098bf9aee5381067fbf0ae3c89c6dfebf296fa18c2aafc9ed2ab
03_CODE/00_config.R,1295,82da5ac7c59510968a23818e3699d466593cbe89f48392dbfe340105d6cdccc6
03_CODE/00_run_pipeline.R,987,8a1f2aab455229bd8155d1555ea381e34fdbc2a53f10e46ddb6b1185c8cdf555
03_CODE/01_preprocessing/01_build_station_hour_dataset.R,5749,856feeb7929a7ece3606b1306eb563edbee0f0f09028bcd2b66d428c5b5d60cb
03_CODE/01_preprocessing/README.md,375,6dc154bc239ce8d0a8241640d2c022ea0f224ac55d821a4bec75680cfa196091
03_CODE/02_physical_characterization/00_run_cap2.R,500,aacd18d218e57bc17b4ad7a771fa823e28fe5da21dc75a6d1c4d69c336388826
03_CODE/02_physical_characterization/01_cap2_data_zoning_qc.R,71558,83e7cf98ec51df1e439a919638223a03bb569101c09d5dcef6c18ffc92154a1d
03_CODE/02_physical_characterization/02_cap2_distributional_analysis.R,38833,ef77c5e1a3e1ffaeed30feb291a6cdfc5db756c7706138a92c4bbc3cef7dd932
03_CODE/02_physical_characterization/03_cap2_temporal_spectral_wavelet.R,49278,e6ba5f0a80d00b277af91b524382453b4502c5f5490317b942dc5d225ffd310a
03_CODE/02_physical_characterization/README.md,338,d8e51428201dedd829d3347a79ef6b9f65c6c1fab6fc3ce4a8bb7bc358b2b9ab
03_CODE/03_classical_models/01_cap3_classical_models.R,16173,04b85806547f979531a1a0ddf8fecc1ea7aa2347e4752bee5b51ebe2b3423747
03_CODE/03_classical_models/README.md,246,97ef2a9785ec39be262dc54afb2ab5e63c6f7e53f5535b1598f2ce20f32ca0c6
03_CODE/04_machine_learning/01_cap3_ml_models.R,25536,3aa0836bc58a02eaed7097319e40a295bf005559f6686c988dab9231975e0216
03_CODE/04_machine_learning/README.md,223,262a96ff935de118f36d5df4da648c31b16eae775fe418fcb79e9bd4d6e20e4b
03_CODE/05_deep_learning/01_cap3_dl_pipeline.R,24301,84a7e7053854d13fd6829d5fc1020f3fab016e563c152e663997bf4b609af1b8
03_CODE/05_deep_learning/README.md,229,f560347951da54665e1133da6daf5e133e5d152e5de5e9967473a972a43588b8
03_CODE/06_hybrid_tdq/01_cap3_tdq_piess_kfas.R,20641,8c733a9d28e5dadca1cb837d18bce022783a77a9768e79a75450cff5ee67a512
03_CODE/06_hybrid_tdq/02_cap3_final_diagnostics.R,2694,84922f0cf5212a870d792d27702a79ecca83186839dc38df974c5e087791ca08
03_CODE/06_hybrid_tdq/README.md,432,4979f1f32d61228e9179d43408fd1c9e5cfc3f51a16ccc90d90fa6d9a3669a65
03_CODE/07_energy_projection/01_cap4_quarterly_scenario_2022Q3_2028Q4.R,18204,c3eceb49f0eb7914f219388d25d344892dcdb0194d5d1104beccb14a04d85ea4
03_CODE/07_energy_projection/README.md,454,1b37015d165de90605492568d3309c1c7acb7df6b035d0c8967d5569a6e177ca
03_CODE/08_utils/01_paths_config.R,691,b17e0c265853373d586e8b02775a96b4e035e95515aaf9301a257aaa9cfd9c35
03_CODE/08_utils/02_packages_setup.R,616,dbbec1cccec138fb1e8c3396d4cf42bfcd62e481f5fd84d895fcadbf4eb49332
03_CODE/08_utils/03_metrics_helpers.R,1255,ddf0d38619dae6599685e74c502afb4e7ea6cbe482736789afde81c6945a88c9
03_CODE/08_utils/04_export_helpers.R,489,39ca766eb982b3825ce7544bc751e7fef368376fa735593fe9aad313d6b83f38
03_CODE/08_utils/05_validation_helpers.R,1245,5c542cb5d8b20e97e71c2e9d2f3bf4beb20db86bacce2cf4ff91f4c050e28976
03_CODE/08_utils/06_static_code_validation.R,2646,a456cdeeb3d0c0a146ef2d7c1310421bee9b63056ab4824bbf48e297719662eb
03_CODE/08_utils/README.md,415,6a29e42644261c14c24d276759ec45662cb532e0c929c3b6b8883bcca4a49592
03_CODE/README.md,2543,034e1d26061d71edac635dd883cacc159e58b4df07a4d34f58c68b936c49e614
03_CODE/_manifest_sha256.csv,3190,efad9362f5d5f052a7ba4ffa83b8d651394e26197705127222c665fb3a7158b5
03_CODE/code_inventory.csv,1380,277f0fd8858a47e55f960b225e31a0083779b14e11397d7d3e4ad312c616f80c
03_CODE/removed_obsolete_paths.md,496,67f38205efea7d53c0b6928b28e0494c884750cb775902a0571b98fe141ad3b0
04_RESULTS_COMPLETE/00_CANONICAL_INDEX/figures_index.csv,6141,a6c6e36568cf97bfa4cef39dd9e5ddb4c851455e7cc3aad52a21111b3413986b
04_RESULTS_COMPLETE/00_CANONICAL_INDEX/scientific_output_counts.csv,93,58518ed16dafbdc5eaf42be475066c625da266ac0a31846e6b29365b2c92a3b5
04_RESULTS_COMPLETE/00_CANONICAL_INDEX/source_authority.md,710,e38670f5f79337f71a442ed32c67af797afd08744f36e3f8884b3c188e1b1854
04_RESULTS_COMPLETE/00_CANONICAL_INDEX/tables_index.csv,7247,3ecc8bc3e106d6746db6dbcc3d7af189cdb9d75f10c3cc051a51885b9c8ac1fc
04_RESULTS_COMPLETE/01_physical_characterization/README.md,215,1812801b04f14ce13531d218d1012db6cb6913d5a4908154a391794ce212f70e
04_RESULTS_COMPLETE/01_physical_characterization/machine_readable_source/Tabla_Cap2_01_Inventario_Estaciones_Zonas_FINAL.csv,2632,0b36a275e4feeb2db87f114325766d1f1edb1406c1502a064a8cbebbc485c748
04_RESULTS_COMPLETE/01_physical_characterization/machine_readable_source/Tabla_Cap2_B01_Resumen_Descriptivo_VV_WPD_por_Zona_FINAL.csv,2112,c8b0719811a82aad1612b4a15d1387fa20a3d5071821138a606461ca3d5cccbd
04_RESULTS_COMPLETE/01_physical_characterization/machine_readable_source/Tabla_Cap2_B03_Parametros_Weibull_Rayleigh_VV_por_Zona_FINAL.csv,632,6cc74e135ce2d89f12d18f7f29d5ffe84b29d4f7ab8b2805048134641da0dfed
04_RESULTS_COMPLETE/01_physical_characterization/machine_readable_source/Tabla_Cap2_B04_Metricas_Ajuste_Weibull_Rayleigh_VV_por_Zona_FINAL.csv,1632,04054954d5eed1236d022d002502d9f7ad456fed0e27ad144dc6e2c8ee18fa77
04_RESULTS_COMPLETE/01_physical_characterization/machine_readable_source/Tabla_Cap2_C04_Resumen_Dependencia_Temporal_VV_WPD_por_Zona_FINAL.csv,1232,40f69704e9e18134522c8d7d64078626e58bd5424dc6744cada86bf332dcfb1c
04_RESULTS_COMPLETE/01_physical_characterization/machine_readable_source/Tabla_Cap2_C07_FFT_Energia_Bandas_VV_WPD_por_Zona_FINAL.csv,2607,3e311483191ca458596fdd2a4ac356e93a6c64981a31087276adb8529813ac30
04_RESULTS_COMPLETE/01_physical_characterization/machine_readable_source/Tabla_Cap2_C08_Wavelet_Morlet_Resumen_Segmentos_VV_por_Zona_FINAL.csv,428,c706c0f39e6f5055ed16e1ba570e1885c7f7e1828b46fc4eba19a1b37b0c6c59
04_RESULTS_COMPLETE/02_model_comparison/README.md,222,4535b35ff4b8c81d228a288bd087c6cb39a534731bf9b475209080be6173e147
04_RESULTS_COMPLETE/02_model_comparison/machine_readable_core/Table_3_5_model_family_summary.csv,504,e90e2559619806e5e03816c05864d5f9e9efdd624253c4218471fac0c7222cbb
04_RESULTS_COMPLETE/02_model_comparison/machine_readable_core/Table_3_6_candidate_winners.csv,464,c73609325bde84f0107ebe1fd428e26411349687090014c97ba041297cd2f80b
04_RESULTS_COMPLETE/02_model_comparison/machine_readable_core/Table_3_8_final_deterministic_performance.csv,511,921e498d9b7b41e47979a985ae0bdfb740a6000b9f7bc4ac9a624cd9c64429a0
04_RESULTS_COMPLETE/03_pi90_uncertainty/README.md,199,926f50acf9346d60f997cb897394cf0d88c8e46d015ddaba21fe3383734f86a7
04_RESULTS_COMPLETE/03_pi90_uncertainty/machine_readable_core/Table_3_10_residual_diagnostics.csv,478,2db4aca425c841e3affc2145c476c6abb614f2a16166fb6bd36af514cf87d6a1
04_RESULTS_COMPLETE/03_pi90_uncertainty/machine_readable_core/Table_3_9_pi90_coverage_width.csv,411,314f5a6edddccb78840b2092c67d1c169cebef12b4c897c2aeda31e7ddffbf82
04_RESULTS_COMPLETE/04_fnrr_outputs/README.md,267,8c2b702933cae82a32eedb85ea93cfe4c23d8a262f32a9837fcba62312f9190e
04_RESULTS_COMPLETE/05_energy_projection/README.md,217,06a5bc73112edd9a873b67f9b7aa7a43adcc97ef470b20fef0c527cbe67bc13c
04_RESULTS_COMPLETE/05_energy_projection/machine_readable_source/Control_Cap4_ED_07_Cero_Cambios_Numericos.csv,523,9a8108b5c23c4cd6926a9fafa13328604f52f5baa43b4f29ee19abfb38acde1c
04_RESULTS_COMPLETE/05_energy_projection/machine_readable_source/Manifest_Cap4_Ajuste_Editorial.csv,1756,a563d699780974a85b334c0dafed1cc990b2d53875710a80302a83c8425b90f3
04_RESULTS_COMPLETE/05_energy_projection/machine_readable_source/Matriz_Cap4_ED_08_Cambios_Editoriales.csv,564,2af24263eb8c2b6d522eb27fd133ea99929055397a856ff2fd289d1e21f1f67b
04_RESULTS_COMPLETE/05_energy_projection/machine_readable_source/Puerta_Cap4_ED_09_Ajuste_Editorial.csv,793,de973df2cde4fbd618648d70014e2f9ee3a563612624c4dd095f41c39e61b8c9
04_RESULTS_COMPLETE/05_energy_projection/machine_readable_source/Tabla_Cap4_ED_01_Anual_2017_2028.csv,18003,654a1de5031737d94f2f9b402c0967c4803c0956e87dead2b35f65589a11a4db
04_RESULTS_COMPLETE/05_energy_projection/machine_readable_source/Tabla_Cap4_ED_02_Trimestral_2017_2028.csv,57943,b3e09b40c58358c9f7eb56a505aede0e3d4ff4d5d2616a208aab12cdf7fa01c4
04_RESULTS_COMPLETE/05_energy_projection/machine_readable_source/Tabla_Cap4_ED_03_Tabla_4_5_Historico_2017_2022.csv,387,2cdd13117f39480ea72ead5f7c33b6b01be7d60f8cc1c771935b52b4e70904b6
04_RESULTS_COMPLETE/05_energy_projection/machine_readable_source/Tabla_Cap4_ED_04_Tabla_4_6_Proyectado_2023_2028.csv,185,55d058627d44b167e028e34ebdfd1841a3e896ed4e6dd883f6d553a17943be1c
04_RESULTS_COMPLETE/05_energy_projection/machine_readable_source/Tabla_Cap4_ED_05_Tabla_4_7_Sintesis_2017_2028.csv,184,564ffecf17743b46b64ed02422aea2acb99afd78e3cb742382cd49034e654d0d
04_RESULTS_COMPLETE/05_energy_projection/machine_readable_source/Tabla_Cap4_ED_06_Tabla_4_8_Escenario_2028.csv,176,730e877af75ea52b8e09981f11abb871494b7bde55bd7bf92c914e7dc0296db8
04_RESULTS_COMPLETE/05_energy_projection/machine_readable_source/cap4_ajuste_editorial.log,328,6f14ea8ab397d56c7be92baf150ada0d66440fdbce8d416692cbe5811f321d53
04_RESULTS_COMPLETE/05_energy_projection/machine_readable_source/configuracion_cap4_ajuste_editorial.txt,293,b59efa1ea4fa0d951cf702758b66c3495fa29139b86723ffc778ffdf200b6cc3
04_RESULTS_COMPLETE/05_energy_projection/machine_readable_source/sessionInfo.txt,1151,415a902e5f4af19b0824a8cf23f9bf34f9d25dfb1c8d283a769f312a7c455f77
04_RESULTS_COMPLETE/06_extended_results/README.md,287,c1a1c3c52e99741cf772162a28a1abf1ca663b880d38fce74b3b596f76f8c8c9
04_RESULTS_COMPLETE/07_FIGURES/README.md,311,04012f5ac41a09c61ecfdc39bee557ddf7ad12246f9c4af21e7d2f8ea1fe1cb1
04_RESULTS_COMPLETE/07_FIGURES/canonical_thesis_evidence/Figure_1_1.png,124152,6fbd7691965dd45df16648330266c63ca5b1f786fb3a33e8f322abf32ab736a9
04_RESULTS_COMPLETE/07_FIGURES/canonical_thesis_evidence/Figure_2_1.png,614959,e82a9a8beeccb6675a1f0076f77ed42d06f6b753093e3af939010a2bf892bff7
04_RESULTS_COMPLETE/07_FIGURES/canonical_thesis_evidence/Figure_2_10.png,686887,980db12cbae77eae186cd4489f4abc8d17ecb3913a8b25bff1446d235fed6f72
04_RESULTS_COMPLETE/07_FIGURES/canonical_thesis_evidence/Figure_2_2.png,77253,24d09878bdccbefa55da7f6c9e3312b3908772e7cd9005b0ddf52034206e8460
04_RESULTS_COMPLETE/07_FIGURES/canonical_thesis_evidence/Figure_2_3.png,75889,6fd97860c0ac735658a97e0a64e0b5bdb5ceafcb860408b485b115fd025f2c81
04_RESULTS_COMPLETE/07_FIGURES/canonical_thesis_evidence/Figure_2_4.png,66592,21267a9437c1625f31c13a2bd5232a026b799f71641b4fa050d47db0dd40cbcc
04_RESULTS_COMPLETE/07_FIGURES/canonical_thesis_evidence/Figure_2_5.png,103966,046ab97748e5d3b93450d391d9831ad085a42ac66e03505a86412571086d8cf3
04_RESULTS_COMPLETE/07_FIGURES/canonical_thesis_evidence/Figure_2_6.png,97257,4e3166f1bce979464b3e9fb0559235b38063b828405bea43c24ea647106228d0
04_RESULTS_COMPLETE/07_FIGURES/canonical_thesis_evidence/Figure_2_7.png,86378,afeb64d16b0d99fd14bbf3829469cf4d70cea7b2168b1e9e6fe4e1d98f6cfd22
04_RESULTS_COMPLETE/07_FIGURES/canonical_thesis_evidence/Figure_2_8.png,125022,b1639f8f1e3f3f4ee9b9b93fad08cfce3f88498b3eacefd791f2165dd6f42cf4
04_RESULTS_COMPLETE/07_FIGURES/canonical_thesis_evidence/Figure_2_9.png,68975,eb139e7e4009147478af98a2947f5bcd39c4727d3bf9a10c4b97c504f94b4d09
04_RESULTS_COMPLETE/07_FIGURES/canonical_thesis_evidence/Figure_3_1.png,313750,17fcaa3c0cf42600b3df7516fc8995e59433888829cac7b82f396e383dae7a86
04_RESULTS_COMPLETE/07_FIGURES/canonical_thesis_evidence/Figure_3_10.png,39476,2951c51f0928f1e5e6572399aca336b2d9a0f316af1490c3b494fca713b8f38e
04_RESULTS_COMPLETE/07_FIGURES/canonical_thesis_evidence/Figure_3_11.png,60556,9ac82f36d0f508bdc361d08c737fa037b8678654ebe1467b9655b276d735b258
04_RESULTS_COMPLETE/07_FIGURES/canonical_thesis_evidence/Figure_3_12.png,50217,dd14202e7eef82a5fb9ed7698eb2d2af63ecd5fb6d799a86dd01a95724d60c24
04_RESULTS_COMPLETE/07_FIGURES/canonical_thesis_evidence/Figure_3_2.png,59560,39d968ef5f5feab840a2f174b48542af5013136a93d98c12508f0f97eae26ba5
04_RESULTS_COMPLETE/07_FIGURES/canonical_thesis_evidence/Figure_3_3.png,58274,4b16735b5706cd6017fe6c92af849d9426913f36caef6cede3588a7758dc3717
04_RESULTS_COMPLETE/07_FIGURES/canonical_thesis_evidence/Figure_3_4.png,53254,d37eb8702538201d9b392ca1cdf4558637b36c3ecdd1d76e335604bb500115df
04_RESULTS_COMPLETE/07_FIGURES/canonical_thesis_evidence/Figure_3_5.png,303427,74688d8d1a9bea3da68cc4155e1968a9bab6b2784c871c9f724ad9a504c14913
04_RESULTS_COMPLETE/07_FIGURES/canonical_thesis_evidence/Figure_3_6.png,42683,35169ad0723915dbefd0eb178994c0a37d20c4b08c0006a40c9f60de33226a7e
04_RESULTS_COMPLETE/07_FIGURES/canonical_thesis_evidence/Figure_3_7.png,44790,1d74a124a8e2a939d8e2a3d8092b3c8d70c517a75b844f9835dcb8e5a19c584c
04_RESULTS_COMPLETE/07_FIGURES/canonical_thesis_evidence/Figure_3_8.png,44213,164dbf11b9fdba359dedd08a5c919ed5a0fcc67362fdbdcc68fbd61cf270871b
04_RESULTS_COMPLETE/07_FIGURES/canonical_thesis_evidence/Figure_3_9.png,49815,c89a0b3f0878cc937efe3d073da00d99653f8ecba8d7b917c57dc4d4a01ff650
04_RESULTS_COMPLETE/07_FIGURES/canonical_thesis_evidence/Figure_4_1.png,221464,659b15fb290078d308f8ff1c5fe51f442f54528f10cdd3392a2b92aac0cc032a
04_RESULTS_COMPLETE/07_FIGURES/canonical_thesis_evidence/Figure_4_2.png,89968,aefca2817140e7e106da893476b63148bd3834455367e78694b430aed1b87a1c
04_RESULTS_COMPLETE/07_FIGURES/canonical_thesis_evidence/Figure_4_3.png,117139,1937b03b0502b457f80c082c157969ebd46191c6750d348453a3f1efc0f550cd
04_RESULTS_COMPLETE/07_FIGURES/canonical_thesis_evidence/Figure_4_4.png,52855,9d9e58c9e65c241a696776837b2ea126bcab9e3571fe722637f770e15b29d01d
04_RESULTS_COMPLETE/07_FIGURES/canonical_thesis_evidence/Figure_4_5.png,86171,ba85e8414fcfcbb087b8cf0a27ee525ba9fc6a9b543a8d5ef34a368de957ffe0
04_RESULTS_COMPLETE/07_FIGURES/canonical_thesis_evidence/Figure_4_6.png,54163,bc5f5c550086d350b59037b372c15a7ee75f68c74ca045c12500db6c504380cd
04_RESULTS_COMPLETE/07_FIGURES/canonical_thesis_evidence/Figure_4_7.png,78745,9b8bba354bd3c09ef694e4f1f63796000e68f89272e1ed224934c25fdcacd315
04_RESULTS_COMPLETE/07_FIGURES/canonical_thesis_evidence/Figure_5_1.png,49454,0b128d75dbba6da6c224e1c373dcd983681c4b9b0c5b457526bde181fc67b345
04_RESULTS_COMPLETE/07_FIGURES/verified_source_exports/chapter_2/Figure_2_10__Fig_Cap2_C09A_Wavelet_Morlet_VV_Eje_Comun_por_Zona_FINAL.png,1285469,11fb3b4f61f86d436ea3f6f0fb2561931073fddeb0bd589591b1e09f1f2d37d3
04_RESULTS_COMPLETE/07_FIGURES/verified_source_exports/chapter_2/Figure_2_1__Fig_Cap2_01_Mapa_Zonificacion_Analitica_IDEAM_Narino_ES_FINAL.png,1123486,d3ea85015699892ec98cebe2c5a724ddb0387af91b0776d662f24ad05203296a
04_RESULTS_COMPLETE/07_FIGURES/verified_source_exports/chapter_2/Figure_2_2__Fig_Cap2_02_Cobertura_Temporal_VV_por_Estacion_FINAL.png,2148108,71e7a2a219d7085416d8795e21e286cbf9ffd6c8a7dbe731fe40ec31e7e672df
04_RESULTS_COMPLETE/07_FIGURES/verified_source_exports/chapter_2/Figure_2_3__Fig_Cap2_B03_Distribucion_VV_por_Zona_FINAL.png,283919,74df7e213418d57245cadfd8af093acb3a564a1117b7772b4eca5b67c6e449aa
04_RESULTS_COMPLETE/07_FIGURES/verified_source_exports/chapter_2/Figure_2_4__Fig_Cap2_B04B_Distribucion_WPD_por_Zona_Zoom_P99_FINAL.png,186595,26ce68c3e3c828581ddd59c926eb6bb6c0c59c261c54f3778666786464a79c86
04_RESULTS_COMPLETE/07_FIGURES/verified_source_exports/chapter_2/Figure_2_5__Fig_Cap2_B06_Ajuste_CDF_Weibull_Rayleigh_VV_por_Zona_FINAL.png,453025,ced0f30bd09bee9a338ca744e70788b78d34d748beff512d5cbd7db4e3a6f417
04_RESULTS_COMPLETE/07_FIGURES/verified_source_exports/chapter_2/Figure_2_6__Fig_Cap2_C03_ACF_Diaria_VV_por_Zona_FINAL.png,274891,6de3adeb7a2829e70ed580f168e9637ba5d6fe4963882b2a8b6e22b197f65353
04_RESULTS_COMPLETE/07_FIGURES/verified_source_exports/chapter_2/Figure_2_7__Fig_Cap2_C04_PACF_Diaria_VV_por_Zona_FINAL.png,274136,6bba9f42502954fc13a25af295b4af3aede76a9ec0b9569ebcd4096d9fb7f058
04_RESULTS_COMPLETE/07_FIGURES/verified_source_exports/chapter_2/Figure_2_8__Fig_Cap2_C07_FFT_Espectro_Diario_VV_por_Zona_FINAL.png,566200,2d0ff88a6011af2eec561d980d38e4c35f6587cea388b3e8c48e4075d5c4f93c
04_RESULTS_COMPLETE/07_FIGURES/verified_source_exports/chapter_2/Figure_2_9__Fig_Cap2_C08_FFT_Energia_Bandas_VV_por_Zona_FINAL.png,251531,3f1c1b0fde560f8f46b953f93141ae276b72d4b318aff9bffb6b70b3aad8a456
04_RESULTS_COMPLETE/07_FIGURES/verified_source_exports/chapter_4/Fig_Cap4_ED_01_Figura_4_2_WPD_Anual.png,190185,ac78bc1a4c7665d060701ace5b07889b15b901a0bf11e7645b42a9b48d3ef431
04_RESULTS_COMPLETE/07_FIGURES/verified_source_exports/chapter_4/Fig_Cap4_ED_02_Figura_4_3_Energia_Anual.png,263608,681a27a117fd2c5573af8b8d58d6039d25e51eafee5585d1418fc1df83fc7d7f
04_RESULTS_COMPLETE/07_FIGURES/verified_source_exports/chapter_4/Fig_Cap4_ED_03_Figura_4_4_Energia_Usable_Promedio.png,81765,36f45fc6deb5c50715ded3781b283806cf73f259acb815ef3e5f1f6260c71dca
04_RESULTS_COMPLETE/07_FIGURES/verified_source_exports/chapter_4/Fig_Cap4_ED_04_Figura_4_5_FNRR_Anual.png,183903,a7fb4fca827a6538f9d91de5df75221935a6f480420e38075c5feaedcff7fe51
04_RESULTS_COMPLETE/07_FIGURES/verified_source_exports/chapter_4/Fig_Cap4_ED_05_Figura_4_6_Sintesis_Energetica_FNRR.png,85035,1af1b8b3f5a359ad2c1f8cc3821291857769ec5404067250fb8f9c7441d32f99
04_RESULTS_COMPLETE/07_FIGURES/verified_source_exports/chapter_4/Fig_Cap4_ED_06_Figura_4_7_Escenario_2023_2028.png,126991,1dac7beec3d2d3cb28be2dde0e431e53008f45bab9e79f55b93b1dae4663a061
04_RESULTS_COMPLETE/08_TABLES/README.md,334,a22683adc23fdaf0256b09082aa1f8cb75d82bb138e66619e55191df628275e0
04_RESULTS_COMPLETE/08_TABLES/canonical_thesis_evidence/Table_2_1/page_layout_text.txt,4960,f3ed920f644b52b034681b007e5409583f71dee9466b9db5200dc0f3a566de39
04_RESULTS_COMPLETE/08_TABLES/canonical_thesis_evidence/Table_2_1/page_printed_030.png,174427,111afa438d2def4311ed854fa6861e6a90dbee5d3a0f5f3888e5831768b5a5b7
04_RESULTS_COMPLETE/08_TABLES/canonical_thesis_evidence/Table_2_1/page_printed_031.png,137218,7b3046d4cd706c54ec0e6a5fde664f7845399ea1ec61092a855f7cbd8f03fbc9
04_RESULTS_COMPLETE/08_TABLES/canonical_thesis_evidence/Table_2_2/page_layout_text.txt,3179,fe0c8340edb96e197bd34441ec8887e86eeaef333efa44e2eec15300180ef624
04_RESULTS_COMPLETE/08_TABLES/canonical_thesis_evidence/Table_2_2/page_printed_035.png,148503,db617076e7a9f8f2fd202a6aa6e7642ccf0c58d66061d2fe500471e5030175f8
04_RESULTS_COMPLETE/08_TABLES/canonical_thesis_evidence/Table_2_3/page_layout_text.txt,2794,3380442e1218b005cc8e72e151490155b8756d4a1059b935343f73a742d120ec
04_RESULTS_COMPLETE/08_TABLES/canonical_thesis_evidence/Table_2_3/page_printed_038.png,165498,b7bf7af32ce25f0adbbb907f530a17d73d894b44f06f557f87d15e7701be4cca
04_RESULTS_COMPLETE/08_TABLES/canonical_thesis_evidence/Table_2_4/page_layout_text.txt,1897,807ff53b6c72db86e352d56d730307635a7be077e9c45e48cd8cee83873226fb
04_RESULTS_COMPLETE/08_TABLES/canonical_thesis_evidence/Table_2_4/page_printed_042.png,117499,800f2e2e55b3667d503c74428ac42f1b5a4235a60d837ec78726039b7b2a170e
04_RESULTS_COMPLETE/08_TABLES/canonical_thesis_evidence/Table_3_1/page_layout_text.txt,2781,a69403880c388416efe2a63907fdf4e329d6931b8beec714ae36b6480779b4b2
04_RESULTS_COMPLETE/08_TABLES/canonical_thesis_evidence/Table_3_1/page_printed_064.png,152310,bf8a2df5e13c16820060a1f18ac6f3f7eb3c6f752f16bc6640457a69e5c21173
04_RESULTS_COMPLETE/08_TABLES/canonical_thesis_evidence/Table_3_10/page_layout_text.txt,2432,c6ce30d7b819dd970fd54a6fb3059827c5658eecbfc7b8bde1f03131541c3d5e
04_RESULTS_COMPLETE/08_TABLES/canonical_thesis_evidence/Table_3_10/page_printed_089.png,147216,28c082d8b9bd554f39fcb320ac1493ea2802348231cf2c46d713d0843a61b500
04_RESULTS_COMPLETE/08_TABLES/canonical_thesis_evidence/Table_3_11/page_layout_text.txt,3172,960bed7a93dfd76e3b1713afb419ceb05b40afcf573158dbbadd97022750c2d8
04_RESULTS_COMPLETE/08_TABLES/canonical_thesis_evidence/Table_3_11/page_printed_092.png,160344,167bfb3589303d7589b9214ebedd474a30b56df2871e00388126665685bd338e
04_RESULTS_COMPLETE/08_TABLES/canonical_thesis_evidence/Table_3_2/page_layout_text.txt,8393,8cdb5a839b8b9043b9fb871a1586710d0fc00f827b33fbb08acee4f12fbd129e
04_RESULTS_COMPLETE/08_TABLES/canonical_thesis_evidence/Table_3_2/page_printed_068.png,150045,ac4af2469625e739c86d23418518564479b580a5d0de2f637532083783cb51ff
04_RESULTS_COMPLETE/08_TABLES/canonical_thesis_evidence/Table_3_2/page_printed_069.png,144488,aecdfbfe1d2e9e84a683d46bbfb101caff16ed9832d6f21a0219eee037d525c7
04_RESULTS_COMPLETE/08_TABLES/canonical_thesis_evidence/Table_3_3/page_layout_text.txt,8908,661714c0ca304df2b71eba1119fda5a7591361b05a7bc3d2e06b67acc545c6dd
04_RESULTS_COMPLETE/08_TABLES/canonical_thesis_evidence/Table_3_3/page_printed_069.png,144488,aecdfbfe1d2e9e84a683d46bbfb101caff16ed9832d6f21a0219eee037d525c7
04_RESULTS_COMPLETE/08_TABLES/canonical_thesis_evidence/Table_3_3/page_printed_070.png,154738,0ad55cd895bbbf7e22afbe030aee97b1233a107c49f88cd69877bc505e1adec3
04_RESULTS_COMPLETE/08_TABLES/canonical_thesis_evidence/Table_3_4/page_layout_text.txt,2320,19fde9cbb9ab30f02b2bc31f6edbdb739a5ae88461d6cbc810fcd23612dd1bf7
04_RESULTS_COMPLETE/08_TABLES/canonical_thesis_evidence/Table_3_4/page_printed_075.png,142879,5cbc144cb59b8ff78dd5ffca21787001e15e70f1ca1a0fe73e3c89bf7465a962
04_RESULTS_COMPLETE/08_TABLES/canonical_thesis_evidence/Table_3_5/page_layout_text.txt,1533,92c6e3ab585e0a33c7ea3c016812bdfdbe7c9798ef0a92e4b9b53e86ee8b51d9
04_RESULTS_COMPLETE/08_TABLES/canonical_thesis_evidence/Table_3_5/page_printed_077.png,102601,db6fa518c9be12bb303f2f0341a1625b8c8041535052bf1ef8cfc8f452aff5e2
04_RESULTS_COMPLETE/08_TABLES/canonical_thesis_evidence/Table_3_6/page_layout_text.txt,2469,05befe082831da3abcb055eeef81629d36e7961a7c8061d8b09f513816584dfc
04_RESULTS_COMPLETE/08_TABLES/canonical_thesis_evidence/Table_3_6/page_printed_078.png,154768,43f6e7e04f4e13da88ac7b3e076600a29c9b7c2e132c7f58c6391161ffb8b6ce
04_RESULTS_COMPLETE/08_TABLES/canonical_thesis_evidence/Table_3_7/page_layout_text.txt,3487,d3cdfd8c637cb76a6f95cd4f7dca8317895a5a2e76497b9ee4e00e918f9a3fd0
04_RESULTS_COMPLETE/08_TABLES/canonical_thesis_evidence/Table_3_7/page_printed_079.png,227155,d22fe2f64a40909cc5ed58f06c966f39726c0bc124914c57eaa41ba73ce23e3d
04_RESULTS_COMPLETE/08_TABLES/canonical_thesis_evidence/Table_3_7/page_printed_080.png,162476,4be1758445d6bf9c95ed7656ee44cb34ab48d99f44fe5fbe3c3ec1beff41c671
04_RESULTS_COMPLETE/08_TABLES/canonical_thesis_evidence/Table_3_8/page_layout_text.txt,2386,d5f52d5ac30369b63dc6f71e704552307b331ebf48cc8fe63e8ef6268bc804c3
04_RESULTS_COMPLETE/08_TABLES/canonical_thesis_evidence/Table_3_8/page_printed_081.png,150504,940d4ab3afb48165fb24f6f857bef756f8fbd31af4055f0a77ad8bb316773f57
04_RESULTS_COMPLETE/08_TABLES/canonical_thesis_evidence/Table_3_9/page_layout_text.txt,2405,6dc627754fbe49cc2f7c25e915eb31ab07abc2aa5fb3c3c972912025a12e7867
04_RESULTS_COMPLETE/08_TABLES/canonical_thesis_evidence/Table_3_9/page_printed_086.png,126652,b2329cae030e5b41238ec4aad9ae83ba754d6d618354aaf52888f49290d2765b
04_RESULTS_COMPLETE/08_TABLES/canonical_thesis_evidence/Table_4_1/page_layout_text.txt,5796,6f501098261bc904562982c2568907bb5bf5c92d17dd9971dccdfbdafce73f20
04_RESULTS_COMPLETE/08_TABLES/canonical_thesis_evidence/Table_4_1/page_printed_100.png,162664,f74680a3250498ef60625c126b48169388102b4957fbf4467bd6a46f9149f314
04_RESULTS_COMPLETE/08_TABLES/canonical_thesis_evidence/Table_4_1/page_printed_101.png,129706,8bcbbfc372644bf21810dd8dc6d3c316fa6dfd2529065a6b92edf24dc285424c
04_RESULTS_COMPLETE/08_TABLES/canonical_thesis_evidence/Table_4_2/page_layout_text.txt,3067,ba22f3cbd0feffe5ad38a8f62256831d012f8023838dfbb590f891a30fd90dbf
04_RESULTS_COMPLETE/08_TABLES/canonical_thesis_evidence/Table_4_2/page_printed_103.png,135344,ebbcbb542fe51466965341f9bc3a3be76fe2f62db9ee058062e03db1610526cd
04_RESULTS_COMPLETE/08_TABLES/canonical_thesis_evidence/Table_4_3/page_layout_text.txt,5466,41510fab7898476aa74e880c935808284fdc3f778db6f6253816181c121f3724
04_RESULTS_COMPLETE/08_TABLES/canonical_thesis_evidence/Table_4_3/page_printed_104.png,119274,860c93cf7e5c4771b610919f57b79107960774d4faf603896bb45d24c61bed53
04_RESULTS_COMPLETE/08_TABLES/canonical_thesis_evidence/Table_4_3/page_printed_105.png,116457,d825fe66d53d928937af5bc0edd9f002a3a5db51bee541526e6e276d43cef7cd
04_RESULTS_COMPLETE/08_TABLES/canonical_thesis_evidence/Table_4_4/page_layout_text.txt,2812,54f0bd65d3f659a159926378c46ee99fdaf3c630244473e0a2e0dc6e6c0774cc
04_RESULTS_COMPLETE/08_TABLES/canonical_thesis_evidence/Table_4_4/page_printed_106.png,157018,1fab7ef08b4cc5d6ce277475a9e0a6db703f368921362f838b1bce901ac14ce0
04_RESULTS_COMPLETE/08_TABLES/canonical_thesis_evidence/Table_4_5/page_layout_text.txt,2972,8cabd52d0ad13d7e65b76847474dc1acce5ad3c729baa2fdb1035b02dd89e0ae
04_RESULTS_COMPLETE/08_TABLES/canonical_thesis_evidence/Table_4_5/page_printed_109.png,117712,1397b7420b18aaef3fd228f1dabf133b0b1f19a1fd17137b052196e188980bf2
04_RESULTS_COMPLETE/08_TABLES/canonical_thesis_evidence/Table_4_6/page_layout_text.txt,2737,288b03ff21b1406bb5046b85a3a76bc047a9313f94a4a9f78023bb3c2840ad60
04_RESULTS_COMPLETE/08_TABLES/canonical_thesis_evidence/Table_4_6/page_printed_110.png,147425,c299597facfa7e39cc10825f4a5bd9d00d3ce210e13a1734dcb51dc766a995a9
04_RESULTS_COMPLETE/08_TABLES/canonical_thesis_evidence/Table_4_7/page_layout_text.txt,1997,d135b70c5dc9ee3e199f557d429a11637e12afa4614828c078153b7e8736c27c
04_RESULTS_COMPLETE/08_TABLES/canonical_thesis_evidence/Table_4_7/page_printed_111.png,83460,fc48b7ac528c488019f6ee8aa41ca8bc13b52e99e0be80168388c4ffcba1f836
04_RESULTS_COMPLETE/08_TABLES/canonical_thesis_evidence/Table_4_8/page_layout_text.txt,2709,b8817ee6117ae977a7226f0fc8256e5f37dd8b5af6f75254f3fe986b83bf81dc
04_RESULTS_COMPLETE/08_TABLES/canonical_thesis_evidence/Table_4_8/page_printed_114.png,79293,634ee606c92c9eab3e8c2fac4a6f7e4dac986714799a98a6b87af66441f5186f
04_RESULTS_COMPLETE/08_TABLES/canonical_thesis_evidence/Table_4_8/page_printed_115.png,135980,a6ebf7a3ac24564fb1d23a2de1b3648e1371fbdd380ddd12b60eb5e41d4c9904
04_RESULTS_COMPLETE/08_TABLES/canonical_thesis_evidence/Table_5_1/page_layout_text.txt,2523,df17e29576070c6d95c68a8e6a2b2c17924b9e8ed94e99c907d8f690cb0f8ba8
04_RESULTS_COMPLETE/08_TABLES/canonical_thesis_evidence/Table_5_1/page_printed_119.png,146555,c25244e60acd412496de828c825b4fb6d849ee25eab62fcc6bd3406dbfc18a1d
04_RESULTS_COMPLETE/08_TABLES/canonical_thesis_evidence/Table_5_2/page_layout_text.txt,2562,129a5905a2e4eb6d705ae5a32d3155968a894ba58f45b337829b153177bec782
04_RESULTS_COMPLETE/08_TABLES/canonical_thesis_evidence/Table_5_2/page_printed_124.png,127988,964288642913a5f58b600f0c286755ec5ce9c0ecf1daf89b832ada9c8b540482
04_RESULTS_COMPLETE/08_TABLES/verified_machine_readable/Tabla_Cap4_ED_03_Tabla_4_5_Historico_2017_2022.csv,387,2cdd13117f39480ea72ead5f7c33b6b01be7d60f8cc1c771935b52b4e70904b6
04_RESULTS_COMPLETE/08_TABLES/verified_machine_readable/Tabla_Cap4_ED_04_Tabla_4_6_Proyectado_2023_2028.csv,185,55d058627d44b167e028e34ebdfd1841a3e896ed4e6dd883f6d553a17943be1c
04_RESULTS_COMPLETE/08_TABLES/verified_machine_readable/Tabla_Cap4_ED_05_Tabla_4_7_Sintesis_2017_2028.csv,184,564ffecf17743b46b64ed02422aea2acb99afd78e3cb742382cd49034e654d0d
04_RESULTS_COMPLETE/08_TABLES/verified_machine_readable/Tabla_Cap4_ED_06_Tabla_4_8_Escenario_2028.csv,176,730e877af75ea52b8e09981f11abb871494b7bde55bd7bf92c914e7dc0296db8
04_RESULTS_COMPLETE/08_TABLES/verified_machine_readable/Table_5_1_objectives_evidence_closure.csv,816,ef2d3e97998698dad72e8ab3687914aeeb1f36fee8bb893db048e34973c2ec13
04_RESULTS_COMPLETE/08_TABLES/verified_machine_readable/Table_5_2_audited_energy_structural_summary_2017_2028.csv,418,a02f340bc321fe82a1582ecd31489f8fe391b75099a183c6cd8d462a5215d0a3
04_RESULTS_COMPLETE/README.md,2312,3b448ad632afa90224424234e6956cef23d41b4b38eb690a160e663b4becb48c
04_RESULTS_COMPLETE/VALIDATION_REPORT.txt,133,b07e20b4818da2f8912be7f9dcc4145b367dfa6e4beb14b55fdd0d23cc0a8f00
04_RESULTS_COMPLETE/_manifest_sha256.csv,21086,52d29f14f4e92715c4aeda1697a1b4b915b48563da96566356f76e61b18d2b42
04_RESULTS_COMPLETE/validate_results.R,5240,737ec12bcea7a63668c71cb5bbd4371861b03167bf7f03b72e38bdc2ce62da8d
05_APPENDICES_SUPPORT/Anexo_A_Trazabilidad_Datos_Control_Calidad.md,1646,0c0119fd343652548d929c47655a88374f34b59bbd57c0944ff9c633c15b7036
05_APPENDICES_SUPPORT/Anexo_B_Resultados_Extendidos_Caracterizacion.md,1007,4f4c3ccd481c1804ef373f1d51d9d9f98fb31cf29bb54b2a6a17e2bd375d421b
05_APPENDICES_SUPPORT/Anexo_C_Configuraciones_Resultados_Pipeline_Predictivo.md,1039,0a31b5d51bb961f0a07831e5dac3b4ec86d99b4cb090652d2c27b0724cac74e3
05_APPENDICES_SUPPORT/Anexo_D_Congelamiento_Reproducibilidad_Capitulo_3.md,789,55e75446322ec6107a3ba0a1752aefe4e8a5027265807186121916ef4d1170c5
05_APPENDICES_SUPPORT/Anexo_E_Analisis_Complementario_Robustez_Capitulo_3.md,829,c5e350e41f3ad7ecf8509afaa2e9999d655da4c7cc95335165c4052e83d206a7
05_APPENDICES_SUPPORT/Anexo_F_Distincion_I_TDQ_FNRR.md,1733,e8d766b1a4820cfeeac4b47cb1446c7148b5c110d892efd6ac831342c4d6f1da
05_APPENDICES_SUPPORT/Anexo_G_Paquete_Canonico_Capitulo_4.md,1015,ebe93e8ac0d79626c310334b7ab9290b7220c6369591a983181467947f471e7a
05_APPENDICES_SUPPORT/Anexo_H_Reproducibilidad_Computacional.md,1387,9cfe17b0905d06f5e9ed698316832beb7d9c97a52021ed97462e8945f3a33a66
05_APPENDICES_SUPPORT/README.md,1782,32ac0b9adcd77298d4ffd59b55a5a165a8f635d118e31f85dd4895ca6ba33756
05_APPENDICES_SUPPORT/VALIDATION_REPORT.txt,532,19df2991fb56984d2f31e559746ec2ff820d5f8ce40b590100dc747858ecb1d1
05_APPENDICES_SUPPORT/_manifest_sha256.csv,8659,7cb7a93aba90c6319b487ed529e4d126fe4af412619e9ced80070f17e0d4548d
05_APPENDICES_SUPPORT/annex_index.csv,1017,f3ef1680c5af74b254fdef6aa2b04a9c717d04cdada62ff03f823d96c479d448
05_APPENDICES_SUPPORT/canonical_reference_map.csv,970,2f25a0db2b07b84e05173161e0c3421ee90520471d62387bd29377fee0931e0a
05_APPENDICES_SUPPORT/support_files/A_data_quality/AUDIT_B_v3_Fuente_Rho_Global.csv,122,429ee80c0935637ff888af4a7a14ab9f313e063842dec1334342a477bd89666d
05_APPENDICES_SUPPORT/support_files/A_data_quality/AUDIT_B_v3_Fuente_Rho_por_Zona.csv,282,47e58c39121a664164fa515f3940bbd4e2231f0a69f5f8ed4f95f3ae0cff56ca
05_APPENDICES_SUPPORT/support_files/A_data_quality/Tabla_Cap2_00_Auditoria_Fuente_Datos_FINAL.csv,541,1912e992b3fe4f5584788e38774f6645d4ba092433abd689da9e3172258f34ae
05_APPENDICES_SUPPORT/support_files/A_data_quality/Tabla_Cap2_01_Inventario_Estaciones_Zonas_FINAL.csv,2632,0b36a275e4feeb2db87f114325766d1f1edb1406c1502a064a8cbebbc485c748
05_APPENDICES_SUPPORT/support_files/A_data_quality/Tabla_Cap2_03_Trazabilidad_Limpieza_VV_FINAL.csv,356,2398282ed2b3af5a73ef7b4caa6fc5c1c6958d60c7b31c51b9cac58bf278441c
05_APPENDICES_SUPPORT/support_files/A_data_quality/Tabla_Cap2_04_Cobertura_Temporal_VV_por_Estacion_FINAL.csv,1833,e0daedb42c4368fc04f4b43c0e03bb03645c71bceb68f27023c59f0adc69a703
05_APPENDICES_SUPPORT/support_files/A_data_quality/Tabla_Cap2_05_Resumen_Cobertura_Temporal_VV_por_Zona_FINAL.csv,451,5852a9060b5ed07002971015fa28de1e7ba0485376f25ac1373ffd7afaaa2572
05_APPENDICES_SUPPORT/support_files/B_extended_characterization/Tabla_Cap2_B02_Resumen_Mensual_VV_WPD_por_Zona_FINAL.csv,24739,c6639293e357148da2f3b7c8d48fdc74f74292349a80f68dc3eb91dc934e0c97
05_APPENDICES_SUPPORT/support_files/B_extended_characterization/Tabla_Cap2_C02_Valores_ACF_Diaria_VV_WPD_por_Zona_FINAL.csv,18483,f71273da158a8d1ba26a7c226c994efe89af8536a2fe9a8f851a54e039a4013f
05_APPENDICES_SUPPORT/support_files/B_extended_characterization/Tabla_Cap2_C03_Valores_PACF_Diaria_VV_WPD_por_Zona_FINAL.csv,19615,fef4c6de43ea4f54fd6f9c04aa5ac3e51b5ebcab07a9423f6791918426f74421
05_APPENDICES_SUPPORT/support_files/B_extended_characterization/Tabla_Cap2_C04_Resumen_Dependencia_Temporal_VV_WPD_por_Zona_FINAL.csv,1232,40f69704e9e18134522c8d7d64078626e58bd5424dc6744cada86bf332dcfb1c
05_APPENDICES_SUPPORT/support_files/B_extended_characterization/Tabla_Cap2_C05_FFT_Resumen_Segmentos_VV_WPD_por_Zona_FINAL.csv,862,fe7d7c4dc92eab842bd4c710c0337e066a746b043dd92c4b3e338e06bed91ae4
05_APPENDICES_SUPPORT/support_files/B_extended_characterization/Tabla_Cap2_C06_FFT_Periodos_Dominantes_VV_WPD_por_Zona_FINAL.csv,6659,7a7941793403c24bd9ade325c941abf1e554864bfad0c79809798e889ac1d7bd
05_APPENDICES_SUPPORT/support_files/B_extended_characterization/Tabla_Cap2_C07_FFT_Energia_Bandas_VV_WPD_por_Zona_FINAL.csv,2607,3e311483191ca458596fdd2a4ac356e93a6c64981a31087276adb8529813ac30
05_APPENDICES_SUPPORT/support_files/B_extended_characterization/Tabla_Cap2_C08_Wavelet_Morlet_Resumen_Segmentos_VV_por_Zona_FINAL.csv,428,c706c0f39e6f5055ed16e1ba570e1885c7f7e1828b46fc4eba19a1b37b0c6c59
05_APPENDICES_SUPPORT/support_files/B_extended_characterization/Tabla_Cap2_C09_Nota_Interpretacion_Wavelet_Morlet_VV_por_Zona_FINAL.csv,2051,1b76fce3ea03d0bfee5ba56793f2d6b3a6d300deee5a623568f648beb77d94cd
05_APPENDICES_SUPPORT/support_files/C_predictive_pipeline_approved/00_resumen_ejecutivo_congelamiento.md,1254,662fbff793e8fa94e3efbc8c34e7ae8f4bd6183f078844345f4fe78490334564
05_APPENDICES_SUPPORT/support_files/C_predictive_pipeline_approved/TDQ_FINAL_PREDS_GLOBAL.csv,17212800,31bce780355d5f64d0014678acdf9c74dbeb7f7245f10af6205499eaeaec0f19
05_APPENDICES_SUPPORT/support_files/C_predictive_pipeline_approved/TDQ_FINAL_TABLA_GLOBAL.csv,2074,c43bba444845b889751c8bbd76bf20256ef7ddd3d143881c8ec9a40a57d381d6
05_APPENDICES_SUPPORT/support_files/D_cap3_freeze/Manifest_Cap3_Resultados_Aprobados.csv,855,474c51d66893d991bc7cfc01283ad1affd08c15aee3a9ded2ea741e4458c684e
05_APPENDICES_SUPPORT/support_files/D_cap3_freeze/Manifest_Salidas_Reconciliacion.csv,1187,0c12b5c8e3e32e432ed52e4c9d558c8f2814e616c61eded865e1346c424aecd2
05_APPENDICES_SUPPORT/support_files/D_cap3_freeze/Puerta_Cap3_REC_04_Congelamiento_y_Reconciliacion.csv,737,f62a11f075dded53272bcd34b4481e2fe9619007ae71583ce76338c9b1ada71f
05_APPENDICES_SUPPORT/support_files/D_cap3_freeze/Tabla_Cap3_LEGACY_01_Verificacion_Reproduccion.csv,5426,1273ad9dd0c9ca375a2c20d4dbba1cdac318536e000ca1c899ce954ff7510ca0
05_APPENDICES_SUPPORT/support_files/D_cap3_freeze/Texto_Cap3_REC_03_Protocolo_Preservacion.md,1666,850dc1b2cde3cdc8ccbcf7225763e90f1a4356e1e9866e37dcd790c073b695e4
05_APPENDICES_SUPPORT/support_files/D_cap3_freeze/reconciliacion_cap3.log,708,0e386f0d543ab0339e9f2ec9fb4e5427ed0cd9d87bb3efeb492c849da324d265
05_APPENDICES_SUPPORT/support_files/D_cap3_freeze/sessionInfo_cap3_congelamiento.txt,1435,5154173481414285f3b6ccf64e837327c877b79f402ea2be001fd595158e4dbc
05_APPENDICES_SUPPORT/support_files/E_cap3_complementary_robustness/00_resumen_auditoria_estabilidad.md,1714,38beb57475d6b555ba317bb8fbca56b9dca53e09c9c480d2138d1cc83a06685c
05_APPENDICES_SUPPORT/support_files/E_cap3_complementary_robustness/00_resumen_validacion_canonica.md,1668,accbd2f63828c28303321939916e54f50a7a61bc1ed9187d6aa1fe6deb625f23
05_APPENDICES_SUPPORT/support_files/E_cap3_complementary_robustness/01_certificacion_dataset_canonico.csv,626,42750a96a0aada84d4a1be21d08cab8408fbf5b3130e3a1106b34c86775ba051
05_APPENDICES_SUPPORT/support_files/E_cap3_complementary_robustness/02_control_formula_WPD.csv,105,99a0e4d12cecad7e3ca62e25f4ca5a7d189b1c518117686c250129866d435fec
05_APPENDICES_SUPPORT/support_files/E_cap3_complementary_robustness/05_comparacion_operadores_agregacion.csv,1187,33a0142ccc46dfce416ffc81ef6a73f0a3b800fe6cb43c6f6bfe0b12e674a781
05_APPENDICES_SUPPORT/support_files/E_cap3_complementary_robustness/10_baseline_persistencia_pooled_estacion_hora.csv,1797,a7683ab84a57801cc8678dc4a2db0834ba18dbe9ec838866bc6622195f45626f
05_APPENDICES_SUPPORT/support_files/E_cap3_complementary_robustness/10_resumen_particiones_y_elegibilidad.csv,4880,f9d90628b47b1f0ca24f4012b497d09b04525cddd827b955316b04a7bd1f6a7c
05_APPENDICES_SUPPORT/support_files/E_cap3_complementary_robustness/11_baseline_persistencia_zona_hora_pareada.csv,2025,1c70dad64a724d7447f796933fd8680133e82ce52e3e9627981d007e2f0b8b4a
05_APPENDICES_SUPPORT/support_files/E_cap3_complementary_robustness/11_fechas_particion_propuesta.csv,360,66179d0dc071d6c7a1ca7c41adcb277de7048d15dbfc92ff5d9fed59dc5a0241
05_APPENDICES_SUPPORT/support_files/E_cap3_complementary_robustness/13_puerta_decision_objeto_predictivo.csv,653,3d6d7204146dccdab0ccb91e0fcfbd03cc41e1fdb891084f5c9c6667c166da88
05_APPENDICES_SUPPORT/support_files/E_cap3_complementary_robustness/14_puerta_decision_cientifica.csv,368,6d175e105c66be4cdec2667756af3fdac8f2d7e0c4010eee7b80d0f2522ad3c0
05_APPENDICES_SUPPORT/support_files/E_cap3_complementary_robustness/sessionInfo_validacion_canonica.txt,1396,325c481a007055bc80240e3dea6e707e0dc3d6e6cb357dd08f697a68d84e3c1e
05_APPENDICES_SUPPORT/support_files/G_cap4_canonical_audit/00_resumen_ajuste_editorial_cap4.md,605,b3e3d3c7a6625d52443a62800d3d6b8d3b366476c03c84c74ac08cf3e5826453
05_APPENDICES_SUPPORT/support_files/G_cap4_canonical_audit/Control_Cap4_ED_07_Cero_Cambios_Numericos.csv,523,9a8108b5c23c4cd6926a9fafa13328604f52f5baa43b4f29ee19abfb38acde1c
05_APPENDICES_SUPPORT/support_files/G_cap4_canonical_audit/Manifest_Cap4_Ajuste_Editorial.csv,1756,a563d699780974a85b334c0dafed1cc990b2d53875710a80302a83c8425b90f3
05_APPENDICES_SUPPORT/support_files/G_cap4_canonical_audit/Matriz_Cap4_ED_08_Cambios_Editoriales.csv,564,2af24263eb8c2b6d522eb27fd133ea99929055397a856ff2fd289d1e21f1f67b
05_APPENDICES_SUPPORT/support_files/G_cap4_canonical_audit/Puerta_Cap4_ED_09_Ajuste_Editorial.csv,793,de973df2cde4fbd618648d70014e2f9ee3a563612624c4dd095f41c39e61b8c9
05_APPENDICES_SUPPORT/support_files/G_cap4_canonical_audit/sessionInfo_cap4.txt,1151,415a902e5f4af19b0824a8cf23f9bf34f9d25dfb1c8d283a769f312a7c455f77
05_APPENDICES_SUPPORT/support_files/H_environment/sessionInfo_cap2_01_FINAL_datos_zonificacion_qc.txt,2132,ed2f75b0efd01a91f4777beec09bf1761e2e02f447630358d248705355bedbef
05_APPENDICES_SUPPORT/support_files/H_environment/sessionInfo_cap2_B_analisis_fisico_estadistico_multizona.txt,1580,ce8823e024a04baf20c745cb2c39a0b6590210f8d67413cc5491f10469e88532
05_APPENDICES_SUPPORT/support_files/H_environment/sessionInfo_cap2_C_dependencia_temporal_espectral_wavelet_V3.txt,1580,ce8823e024a04baf20c745cb2c39a0b6590210f8d67413cc5491f10469e88532
05_APPENDICES_SUPPORT/validate_appendices.R,3121,8e1709c707f46f3b7dc635a6e7e880dfd7b86570a166f99b61f46f6338d964f4
06_PRODUCTS/00_REPOSITORY_INDEX/FILE_TYPE_INVENTORY.csv,123,c3037f2f7cbcce7698f68f841dfab5fa388e9a854f5d450e26382dde3427aac9
06_PRODUCTS/00_REPOSITORY_INDEX/PRODUCTS_REGISTRY.csv,4173,ac81d4eb87c96233cae773376311109e72a65d35e5e020bfd87574545cc36ee5
06_PRODUCTS/00_REPOSITORY_INDEX/README.md,1504,9f49c3c6943c90de90fa53476ea23bec5ccf0ad0fce73981bfa8b6c543e3600e
06_PRODUCTS/00_REPOSITORY_INDEX/SOURCE_PRESERVATION_MANIFEST.csv,30866,1eaff41acbb1419441743a8750126991319188c214de229db0368d66ebb26683
06_PRODUCTS/00_REPOSITORY_INDEX/TEMPORARY_PUBLICATION_NOTICE.md,492,0ed3354948c9f162c420916a3642dce1d0c8dbdd6c50eea7e28f9bbb326a546a
06_PRODUCTS/01_articles/README.md,12454,ef30714f7a7de6905462f977876adde0ee7f0943a6f9e6717678d1589f589fd5
06_PRODUCTS/01_articles/article_01_energy_reports/00_editorial_strategy/article_scope_tdq.md,11543,6ae54f4ead6d2d88a96ee41600ea5347651273db331f1df170b2068b7805fbd1
06_PRODUCTS/01_articles/article_01_energy_reports/00_editorial_strategy/energy_reports_compliance_matrix.md,8202,6d8ac53570693663c33c831adda18e54f2abc5dd2fc0084dd41b23d092c969fb
06_PRODUCTS/01_articles/article_01_energy_reports/00_editorial_strategy/energy_reports_format_lock.md,11588,120f54fb2819b70f52724aa6f2e9433117ee03047e3e0c7550392dc3e93196b0
06_PRODUCTS/01_articles/article_01_energy_reports/00_editorial_strategy/repository_traceability_map.md,9421,d502097692822d49f4cd1b09af012af241f5e91cfa1ad9e7b1c2c4be64db1dbd
06_PRODUCTS/01_articles/article_01_energy_reports/00_editorial_strategy/submission_readiness_checklist.md,7068,8782d714647cdde26137e06fe54ae1308ac91f7443e190851fa0d1e1b6328586
06_PRODUCTS/01_articles/article_01_energy_reports/01_manuscript/Energy_Reports_Article01_Main_Manuscript_Submission_READY.docx,16477148,e2dc93841c6aeae98d2372d65b9c3dfd447232e98457d7f6e33ef62c7c0cc3b7
06_PRODUCTS/01_articles/article_01_energy_reports/01_manuscript/citation_crosscheck.md,7294,170093a5eabb669cd49f9b080a05f4438324709c13aa8c48b5a46fb66ec9cd61
06_PRODUCTS/01_articles/article_01_energy_reports/01_manuscript/figure_captions.md,7067,0076717e01a40dcebc10e76dcabd83269c888433700136c3ba7c7d236075fbcc
06_PRODUCTS/01_articles/article_01_energy_reports/01_manuscript/highlights.md,1037,6a9119c94874e02978c8699caca168bc17fad180507be318812abccfb0d4a22d
06_PRODUCTS/01_articles/article_01_energy_reports/01_manuscript/manuscript_energy_reports_master.md,21863,9ec5e3830bf35c53e78e5ea2b985cdb281b153c62f3ccefb4844a1496e08eb8e
06_PRODUCTS/01_articles/article_01_energy_reports/01_manuscript/manuscript_energy_reports_with_citations.md,25551,57b1f2f34ca50c75285aec2587cbe7f600cd8c7b7c4b2ea7582d3047c1910369
06_PRODUCTS/01_articles/article_01_energy_reports/01_manuscript/manuscript_scientific_audit.md,5441,167fd800d421136beba289cb99adf897f6bbb448ecaabf27cc3eb97888da3c23
06_PRODUCTS/01_articles/article_01_energy_reports/01_manuscript/manuscript_submission_ready.docx,38453,e92270b5d6aa27944a0a9f524786fe29c0bbeb50a9911f76724704c39784b01c
06_PRODUCTS/01_articles/article_01_energy_reports/01_manuscript/manuscript_submission_ready.md,32148,d90001db1407bb2f2cf04952bab052f8ad7e238427a66bb8299c452e39eb57fe
06_PRODUCTS/01_articles/article_01_energy_reports/01_manuscript/manuscript_submission_ready_v2.md,47746,8f6cabce8406e94fff20906a4f8a0b075f12067af7e0a94f4ba157c44dd066e2
06_PRODUCTS/01_articles/article_01_energy_reports/01_manuscript/reference_selection_protocol.md,11404,8447a60309778d3f84bc9f177cb97366000ce687a5a8980792a4b96ee8f823cb
06_PRODUCTS/01_articles/article_01_energy_reports/01_manuscript/references_final_author_year.md,15605,8004abab6d9b5e18ec7c447c6ba8001e904ef4e156e614d33de4901b1a04ef73
06_PRODUCTS/01_articles/article_01_energy_reports/01_manuscript/references_pending.md,2,7eb70257593da06f682a3ddda54a9d260d4fc514f645237f5ca74b08f8da61a6
06_PRODUCTS/01_articles/article_01_energy_reports/01_manuscript/references_working_list.md,29361,9d6ff092bef3c1b28423eea20f0bfe7649e1f78f2f45cc4ea25a6b420a3d7a26
06_PRODUCTS/01_articles/article_01_energy_reports/01_manuscript/table_captions.md,3102,5304ca1d606b6294506cfdde5506443da145f0de5eb6fdf166e356b437383561
06_PRODUCTS/01_articles/article_01_energy_reports/01_manuscript/title_highlights_abstract_keywords.md,3181,10dbb437339fc91784d322a1ab9588ae6bac5779cc7b763dfe801aa6c93825f6
06_PRODUCTS/01_articles/article_01_energy_reports/02_results/map_boundaries/elevation/COL_elv_msk.tif,3484552,1dab9233649dfa73358e402b67af7c4ce2d54d60941d065d7f08e93eb0534e71
06_PRODUCTS/01_articles/article_01_energy_reports/02_results/map_boundaries/gadm/gadm41_COL_1_pk.rds,5465174,18e3a16fafee317fbe28420ad6b38a50f053d052f3ab939b7851fcf8e86b6a6c
06_PRODUCTS/01_articles/article_01_energy_reports/02_results/map_boundaries/gadm/gadm41_COL_2_pk.rds,29916893,729f8e6dc3a67ec3ba8922e16a2ffa76017c3497ff495c810cefabe5fb154299
06_PRODUCTS/01_articles/article_01_energy_reports/02_scripts/.Rhistory,676,4d9f23129759182e95d98a6ccca28aa13db7674f0272a1047c473a48fccd3c34
06_PRODUCTS/01_articles/article_01_energy_reports/02_scripts/00C_datetime_parser_validation.R,18207,7bf44bab0e9ae0575c6c3c2b8e4e7513a326dc9dbe410bbb8331db4d0189a518
06_PRODUCTS/01_articles/article_01_energy_reports/02_scripts/01D_density_overlap_strategy.R,23222,e0b506ae4807aed437171b00d0b06fdf847b801ed7f87780631d11957a7d9638
06_PRODUCTS/01_articles/article_01_energy_reports/02_scripts/02E_quality_control_daily_density_wpd.R,35912,1e2109b7f159fae89ff9a36d4b7042f7c9a0633d28f2927cb169a4bfd8bad935
06_PRODUCTS/01_articles/article_01_energy_reports/02_scripts/03F_weibull_rayleigh_distribution_fitting.R,22533,b35155cda35cb255dd1594fce50b6261e9aee569514ad2fc6621255caa100b12
06_PRODUCTS/01_articles/article_01_energy_reports/02_scripts/04G_publication_ready_figures_article1.R,25934,ebf69d1b1a5a8c7e2d35f0599e1d364fa2d6e60a976baaebdaec681daf32b649
06_PRODUCTS/01_articles/article_01_energy_reports/02_scripts/05H_final_distribution_and_publication_figures_article1.R,39273,96e662f3c7c5e7e70f4090ab5ee946207f6a378f1f85dfd3eb0b9a6237762cd3
06_PRODUCTS/01_articles/article_01_energy_reports/02_scripts/06I_acf_pacf_temporal_dependence.R,26829,b3fd4b27f60a03775aad1cc50519653851a9e86d4a631420eb550935998fb9df
06_PRODUCTS/01_articles/article_01_energy_reports/02_scripts/07J_fft_spectral_analysis.R,27421,c98493398226e6c3ec192bfa3e388d47d9a67741a6bd15a0609965b01f1bb11b
06_PRODUCTS/01_articles/article_01_energy_reports/02_scripts/13_final_map_article_ready.R,13845,e5f0256c3494c901f075913032f014d4bc733efd89f06ba27ad57cf69854aead
06_PRODUCTS/01_articles/article_01_energy_reports/02_scripts/README.md,10753,11d7443eb5dd4f0ca3ec1691baa8dd8e4f2e83e8cdc97e4f7284481ff90c1d3e
06_PRODUCTS/01_articles/article_01_energy_reports/03_figures/.gitkeep,2,7eb70257593da06f682a3ddda54a9d260d4fc514f645237f5ca74b08f8da61a6
06_PRODUCTS/01_articles/article_01_energy_reports/03_figures/README.md,5322,e3358c70a971fa9722080b56d97bac6fe3c5993cd6ff945c1cf534066c074e4b
06_PRODUCTS/01_articles/article_01_energy_reports/03_figures/main_text/.gitkeep,2,7eb70257593da06f682a3ddda54a9d260d4fc514f645237f5ca74b08f8da61a6
06_PRODUCTS/01_articles/article_01_energy_reports/03_figures/main_text/Fig_01_physiographic_setting_zoning_narino_FINAL.tiff,12530134,5a98885e7d4182f2139ecbeee2508ceb74c3c09d9a543c4227396288029703e1
06_PRODUCTS/01_articles/article_01_energy_reports/03_figures/main_text/Fig_02_monthly_mean_wind_speed_by_zone_FINAL.tiff,845710,be6550bc56bf30f683146f49750e2b45d702416e97bed816ee1c2f21b05a9bd3
06_PRODUCTS/01_articles/article_01_energy_reports/03_figures/main_text/Fig_03_monthly_mean_WPD_by_zone_FINAL.tiff,826514,cb4a4c953447d5b6b8bca67db4efb23778b7b6c16e0c1e4abfe2508e2c5794a5
06_PRODUCTS/01_articles/article_01_energy_reports/03_figures/main_text/Fig_04_wind_speed_distribution_by_zone_FINAL.tiff,446140,1827f51cb919bf4cfec5b664f45bfd7055a6f799ae4e2b751ee6e0f5868f202a
06_PRODUCTS/01_articles/article_01_energy_reports/03_figures/main_text/Fig_05_WPD_distribution_by_zone_FINAL.tiff,439578,bfe107d2733c77fd5ec94ad8aab7d6d218b0c68b0713f2ba1df3d5f28d0b13f9
06_PRODUCTS/01_articles/article_01_energy_reports/03_figures/main_text/Fig_06_weibull_rayleigh_density_fit_by_zone_FINAL.tiff,559462,15ac188b98b71226e0bae68c848913a5a103745d942c8cf186a5cc6aa22c845c
06_PRODUCTS/01_articles/article_01_energy_reports/03_figures/main_text/Fig_07_weibull_rayleigh_CDF_fit_by_zone_FINAL.tiff,537292,fb9e4a9922ecd70944ca02b3861c1394784058443328275de41e45e183c89830
06_PRODUCTS/01_articles/article_01_energy_reports/03_figures/main_text/Fig_08_daily_WPD_ACF_by_zone_FINAL.tiff,426412,f263da6f58c52b0f6311389e7e90e07c6f0087682520206d43d7dabe2b78b7f5
06_PRODUCTS/01_articles/article_01_energy_reports/03_figures/main_text/Fig_09_daily_WPD_FFT_band_energy_by_zone_FINAL.tiff,711488,696d2ac3d2ceab79485d4ff8138a71edcbe6589c720f9498448b4ff691d262da
06_PRODUCTS/01_articles/article_01_energy_reports/03_figures/supplementary/.gitkeep,2,7eb70257593da06f682a3ddda54a9d260d4fc514f645237f5ca74b08f8da61a6
06_PRODUCTS/01_articles/article_01_energy_reports/03_figures/supplementary/Fig_S1_QC_sensitivity_mean_WPD_FINAL.tiff,456494,3fd62a062ae4b1311deab9290ccf895088c3bfe5dd998731036db32a1f7f2f1f
06_PRODUCTS/01_articles/article_01_energy_reports/03_figures/supplementary/Fig_S2_delta_AIC_BIC_weibull_rayleigh_comparison_FINAL.tiff,604538,e3e9094af8e5593bf450b3e489f416b5562600efa0b3d845b547afd14e20d787
06_PRODUCTS/01_articles/article_01_energy_reports/03_figures/supplementary/Fig_S3_daily_WPD_PACF_by_zone_FINAL.tiff,492244,0cba7b9b8699bf58009068d1cb9c5599b552a8485be34b0246718a9e16da8ecd
06_PRODUCTS/01_articles/article_01_energy_reports/03_figures/supplementary/Fig_S4_daily_VV_ACF_by_zone_FINAL.tiff,417126,b8e92fdcc5e9a0f196f87b12cfdc9f816874f3c946c0cf27a1e22fc00c8e2d28
06_PRODUCTS/01_articles/article_01_energy_reports/03_figures/supplementary/Fig_S5_daily_VV_PACF_by_zone_FINAL.tiff,476342,a3ccea45477e8cc3fa156991cc64da5ee3f32076e89fe3112c8d8928d79ff7c7
06_PRODUCTS/01_articles/article_01_energy_reports/03_figures/supplementary/Fig_S6_daily_WPD_FFT_spectrum_by_zone_FINAL.tiff,922478,1386b7cd01028857eca4c4b8eb533c8f51ce409de469347b52a42e8e05b2ce19
06_PRODUCTS/01_articles/article_01_energy_reports/03_figures/supplementary/Fig_S7_daily_VV_FFT_spectrum_by_zone_FINAL.tiff,887602,d725f7a6197850c9aa1342d4161a92ca0ae3ae6e4369040362bb04af8cd0995a
06_PRODUCTS/01_articles/article_01_energy_reports/03_figures/supplementary/Fig_S8_daily_VV_FFT_band_energy_by_zone_FINAL.tiff,697492,a9a0bda94242b0b0a53438fee12b5bfc5161914b0cc318bf6afc4e2ec3d954cd
06_PRODUCTS/01_articles/article_01_energy_reports/04_tables/README.md,6256,d7709db1df9ed68fb62bf8574164808b64b88519e6a45deff84c11d6af875c71
06_PRODUCTS/01_articles/article_01_energy_reports/04_tables/main_text/Table_01_IDEAM_meteorological_stations_and_analytical_zoning.csv,1217,9d13be16f5d06fa16f5ba55df18c76df94a11341b809c87a4ad4b96852594d45
06_PRODUCTS/01_articles/article_01_energy_reports/04_tables/main_text/Table_02_descriptive_statistics_VV_WPD_by_zone.xlsx,7440,773bef529d18d8949cfa21b224074324d937146e42be97fa02b935d4d36eca49
06_PRODUCTS/01_articles/article_01_energy_reports/04_tables/main_text/Table_03_selected_wind_speed_distribution_fit_metrics_by_zone.xlsx,7102,da29793267dc88f10b0c5b726f3b23c88827d38832abce034c7b1aac4fddb6f0
06_PRODUCTS/01_articles/article_01_energy_reports/04_tables/main_text/Table_04_temporal_spectral_summary_WPD_by_zone.xlsx,4920,27be966000f669ebbcaba05f83f94c49ab82127370a425ff41e71361761be044
06_PRODUCTS/01_articles/article_01_energy_reports/04_tables/supplementary/.gitkeep,2,7eb70257593da06f682a3ddda54a9d260d4fc514f645237f5ca74b08f8da61a6
06_PRODUCTS/01_articles/article_01_energy_reports/04_tables/supplementary/Table_S1_QC_scenario_comparison_by_zone.xlsx,11710,c854becb7e4b2c62da4da84e6db2cfe05e8520f998d2d5298b1116f6566299f7
06_PRODUCTS/01_articles/article_01_energy_reports/04_tables/supplementary/Table_S2_full_weibull_rayleigh_fit_metrics_by_zone.xlsx,7283,fef7f9897da4af108ddd4fb5c3ae5728a1bd882c127d33a55e2713528f89a448
06_PRODUCTS/01_articles/article_01_energy_reports/04_tables/supplementary/Table_S3_daily_ACF_values_VV_WPD_by_zone.xlsx,31112,078dbf3a413947bf5a6bd16ef4fa37161ca91b762719fa2b37fb0f58f9f5d1c9
06_PRODUCTS/01_articles/article_01_energy_reports/04_tables/supplementary/Table_S4_daily_PACF_values_VV_WPD_by_zone.xlsx,22337,69159bf18320b4d1af7fdcf608225d517e7d116767e3c2f4599dbed884e9ceee
06_PRODUCTS/01_articles/article_01_energy_reports/04_tables/supplementary/Table_S5_daily_temporal_coverage_by_zone.xlsx,6759,5714cac54068152ae70125438615bab487d21fb2d31a88f36293847ff9d9f891
06_PRODUCTS/01_articles/article_01_energy_reports/04_tables/supplementary/Table_S6_WPD_top_spectral_periods_by_zone.xlsx,7929,b446c143b1bf729af3aef2d55dd56bd3b28975ddda135d07864ed84568b8554c
06_PRODUCTS/01_articles/article_01_energy_reports/04_tables/supplementary/Table_S7_FFT_spectral_band_energy_by_zone_variable.xlsx,7497,b3bfe09c9d8005f4f3c7fbaeb6b38e7939410f61bfd52b7bc62e9ae4ee54e5e9
06_PRODUCTS/01_articles/article_01_energy_reports/04_tables/supplementary/Table_S8_FFT_segment_summary_by_zone_variable.xlsx,6967,4f56360c5cf5c799e2643fb26f5db23d33c9cb4420bdcf3084f195fa817a4154
06_PRODUCTS/01_articles/article_01_energy_reports/05_results_summary/distribution_results_summary.md,11679,5e59b42c260094de83347494f9b827331b072ac110b2fa913413bee769ca75b7
06_PRODUCTS/01_articles/article_01_energy_reports/05_results_summary/main_results_summary.md,10807,b4a9c1bf31b760f6d09a717c10347bdbffe9ebec1e37bc5570a3228e5d48c60b
06_PRODUCTS/01_articles/article_01_energy_reports/05_results_summary/spectral_results_summary.md,10570,e46efc7cde726053bd5ab6e701dc21ea86382ccdcf1c125abeb9e2b9f3a3c784
06_PRODUCTS/01_articles/article_01_energy_reports/05_results_summary/temporal_results_summary.md,11060,20c74af773758c4cf4dd853f678fb68bcf043f66bfc314e15a342a98cbae1f21
06_PRODUCTS/01_articles/article_01_energy_reports/06_supplementary_material/Energy_Reports_Article01_Supplementary_Material_Figures_S1_S8.docx,2712087,802b5d655418b03ec5a508275602ec166cdb626bac833e3e438b18ee956333a0
06_PRODUCTS/01_articles/article_01_energy_reports/06_supplementary_material/Fig_S1_QC_sensitivity_mean_WPD_FINAL.tiff,456494,3fd62a062ae4b1311deab9290ccf895088c3bfe5dd998731036db32a1f7f2f1f
06_PRODUCTS/01_articles/article_01_energy_reports/06_supplementary_material/Fig_S2_delta_AIC_BIC_weibull_rayleigh_comparison_FINAL.tiff,604538,e3e9094af8e5593bf450b3e489f416b5562600efa0b3d845b547afd14e20d787
06_PRODUCTS/01_articles/article_01_energy_reports/06_supplementary_material/Fig_S3_daily_WPD_PACF_by_zone_FINAL.tiff,492244,0cba7b9b8699bf58009068d1cb9c5599b552a8485be34b0246718a9e16da8ecd
06_PRODUCTS/01_articles/article_01_energy_reports/06_supplementary_material/Fig_S4_daily_VV_ACF_by_zone_FINAL.tiff,417126,b8e92fdcc5e9a0f196f87b12cfdc9f816874f3c946c0cf27a1e22fc00c8e2d28
06_PRODUCTS/01_articles/article_01_energy_reports/06_supplementary_material/Fig_S5_daily_VV_PACF_by_zone_FINAL.tiff,476342,a3ccea45477e8cc3fa156991cc64da5ee3f32076e89fe3112c8d8928d79ff7c7
06_PRODUCTS/01_articles/article_01_energy_reports/06_supplementary_material/Fig_S6_daily_WPD_FFT_spectrum_by_zone_FINAL.tiff,922478,1386b7cd01028857eca4c4b8eb533c8f51ce409de469347b52a42e8e05b2ce19
06_PRODUCTS/01_articles/article_01_energy_reports/06_supplementary_material/Fig_S7_daily_VV_FFT_spectrum_by_zone_FINAL.tiff,887602,d725f7a6197850c9aa1342d4161a92ca0ae3ae6e4369040362bb04af8cd0995a
06_PRODUCTS/01_articles/article_01_energy_reports/06_supplementary_material/Fig_S8_daily_VV_FFT_band_energy_by_zone_FINAL.tiff,697492,a9a0bda94242b0b0a53438fee12b5bfc5161914b0cc318bf6afc4e2ec3d954cd
06_PRODUCTS/01_articles/article_01_energy_reports/06_supplementary_material/Supplementary_Figure_Captions.txt,1622,66dffff4623ec57a799f1e0c3e00799b3b8ec322e55bfd616fbbf63ce0c89ed6
06_PRODUCTS/01_articles/article_01_energy_reports/07_submission_package/Energy_Reports_Article01_Cover_Letter.docx,38307,0c1dcbe54119c80ea476728dc5318f3692bc7714d2b3ff336b484c9c93a64ce0
06_PRODUCTS/01_articles/article_01_energy_reports/07_submission_package/Energy_Reports_Article01_Declaration_of_Interest_Statement.docx,36724,06a1d377c743512ef0b74fbdbf283e9ccb03f078a7fe88337fa8bb5f58059fd1
06_PRODUCTS/01_articles/article_01_energy_reports/07_submission_package/Energy_Reports_Article01_Highlights.docx,36874,156192a31332ae1b8889b4069b9f03ebaa1ef3a53c9befb15f7fd93278114964
06_PRODUCTS/01_articles/article_01_energy_reports/07_submission_package/Energy_Reports_Article01_Submission_Checklist (2).md,3171,b42cb4ad62e462744a9893c94fc4170dd533c8ad0af75d5503aa4908aa377d94
06_PRODUCTS/01_articles/article_01_energy_reports/07_submission_package/Energy_Reports_Article01_Submission_File_Manifest.csv,961,8b79ee0938aa79eae5e505478033ceca4000b2896b7061f9ddb0dbaf02874a8d
06_PRODUCTS/01_articles/article_01_energy_reports/08_reproducibility/data_access_notes.md,8301,6b37c5d615b72ce7b3dd2efd1c3f1f45b7965d1c043597d6abd31cd69d19a32b
06_PRODUCTS/01_articles/article_01_energy_reports/08_reproducibility/execution_order.md,8420,59ad4486d11225fc37a698a5a397e7af748ec4c4eff4147ba23bae25dd67fdc8
06_PRODUCTS/01_articles/article_01_energy_reports/08_reproducibility/session_info_R.txt,577,7dee0a4b53334944bc9cb1f200671565462e948e52a56224280ec6e6c1d16c4d
06_PRODUCTS/01_articles/article_01_energy_reports/08_reproducibility/software_versions.md,6555,bf3a3679853feaab8cfb9e3771fb7def7cb183f79681f1cf905adb30d7098496
06_PRODUCTS/01_articles/article_01_energy_reports/README.md,10189,36bfb38705340638edc8312d99738f8d20d5d66a15a610b682ee5cd9aee72530
06_PRODUCTS/01_articles/article_02_concept_note.md,27914,95bea2fa225c2960eb62fd1c2ec22427412d52fbd9515271bd97298c23da5cf2
06_PRODUCTS/01_articles/article_03_concept_note.md,23944,3d8d87eb7a1dfa325d2ce3a74845a95d8061ed10fb4694117cd1c13784bb515f
06_PRODUCTS/02_patent/README.md,11831,e9b9b6354d9666d969a233fc8c14099e4b73454be513d43fb465f0dc77804475
06_PRODUCTS/02_patent/patent_disclosure_note.md,17787,539916ce77fbb511155d5a6b6b6d44af9487e1b78eba34f7476ae2dcea29df84
06_PRODUCTS/03_book/README.md,11181,d24c7168eeaa729d0098cee32c2a0aa863133afd36b30af7138bbaa7ee62b9ee
06_PRODUCTS/03_book/book_outline.md,25828,3f01c7daa6af6ce374d6bbc7cf92d26cb6d016c048f732dff83f49b3249fb9b6
06_PRODUCTS/03_chapter_3_validation_audit/02_tables/Cap3_Auditoria_Repositorio_Predicciones.xlsx,37004,3681379a2e2d351efe03b6df07cd9f301786bb6666df5636458f5d790e3a3860
06_PRODUCTS/03_chapter_3_validation_audit/02_tables/Tabla_Cap3_AUD01_Inventario_Repositorio.csv,37053,cc5282d2f0d1d19291671bbb45a118dd1f52872ca30cf22a02e0bd8160277c3a
06_PRODUCTS/03_chapter_3_validation_audit/02_tables/Tabla_Cap3_AUD02_Archivos_Candidatos_Cap3.csv,30111,85feb350479b74ac6a346df3b76025806773927fb1398ea3ee816b76997db0fd
06_PRODUCTS/03_chapter_3_validation_audit/02_tables/Tabla_Cap3_AUD03_Estructura_Archivos_Datos_Candidatos.csv,40209,744e151c0d4f6c5956596f9b096649ed429c0a9773e42d6e65db66d7a72d8b80
06_PRODUCTS/03_chapter_3_validation_audit/02_tables/Tabla_Cap3_AUD04_Scripts_Candidatos_Modelado.csv,8181,79650933d57efa912209e332365874217407a5e18c6640e0aa8051eef7ffbbb5
06_PRODUCTS/03_chapter_3_validation_audit/02_tables/Tabla_Cap3_AUD05_Rutas_Recomendadas_Siguiente_Paso.csv,1058,02ddc5da25db7e8fb86f1ea8ba6dbcbdebf303492639b6558c2783dedfbfc225
06_PRODUCTS/03_chapter_3_validation_audit/05_logs/log_cap3_auditoria_repo_20260625_160959.txt,13198,6a3328417ee45efe58c7b02f7859066d38fb228d7f6111e5ea064b672672961e
06_PRODUCTS/03_chapter_3_validation_audit/05_logs/resumen_cap3_auditoria_repo_20260625_160959.txt,2678,ca59a3332b828436d6f675f9d2b841cc30036f9283a4247453a44ece1a56b946
06_PRODUCTS/04_dashboard/README.md,13829,f857308a82a0c8c30cfe06288b2f205439c0a1705b8831aab0b5c7321e321106
06_PRODUCTS/04_dashboard/dashboard_status.md,14682,35678fde74c3026640bf918260388d8fe3bd79a7b52429b4e9f3072c6e81add9
06_PRODUCTS/04_dashboard/powerbi_public_link.txt,2319,d1386dffdf7773cabb9b43458bc022626173a0c061c1cc0e604a3ba255ec80b0
06_PRODUCTS/05_presentations/README.md,8946,a60a0635a69dbb4a0d888dd306e3092e9c0b8107ee1172c0f4668b9913029de5
06_PRODUCTS/05_presentations/certificates/.gitkeep,48,783b8893dccca7ab245fec6550bed316560c5d9b530745ed428554edd37d3afd
06_PRODUCTS/05_presentations/certificates/certificado_ponencia_cici_pasto_2023.pdf.pdf,313631,e5a41612a654d74602e40b526ae636311c87301fd71a18b0bd065212d441ecc3
06_PRODUCTS/05_presentations/certificates/certificado_ponencia_cnif_apeic_manizales_2023.pdf.pdf,430645,3b4c25c8dd52e37a28b3214d00d6da51417e87a64107e04db7fa0bd8d1328870
06_PRODUCTS/05_presentations/certificates/certificado_ponencia_congreso_ciencia_innovacion_cultura_2022.pdf.pdf,666003,741eac89ca12f9fcb9258461d7aa0000bb7bc8d2f9b6ddd11ee42a7fc29a3e4a
06_PRODUCTS/05_presentations/certificates/certificado_ponencia_popayan_ciencia_paz_desarrollo_2022.pdf.pdf,860527,b6b5f99e22850f3e916ba052791dbc8e261f76a17ca086414bf90639b78b5a5c
06_PRODUCTS/05_presentations/certificates/certificado_ponencia_safaris_tech_2026.pdf.pdf,435456,9fa2d2b983f4da0a6526f77dc5e8b5b8bf090555fc9f41e08e948a3d69c40773
06_PRODUCTS/05_presentations/presentations_index.md,9487,c48a2b71a243ca6393a7346aac5714a0673e92b56673bdbf211966001ae939c1
06_PRODUCTS/06_directed_theses/README.md,9430,4aa303c81d0bfc0f70324e3d1acab4127ed82ec9b5f2236f4a1da4e78546a098
06_PRODUCTS/06_directed_theses/directed_theses_registry.md,10573,372e43b1130199e34727c26f50fd9387428a7d8ddde918a8043883e3e71e5aaa
06_PRODUCTS/06_directed_theses/evidence/.gitkeep,62,3e4255637c0a406b7bfa3abf4f13d17c177f35f42c8ff4c3545f538fb4ad65a5
06_PRODUCTS/06_directed_theses/evidence/evidencia_trabajos_dirigidos_2026.pdf.pdf,632781,94c4827276f2d5776c78bdc49635e2db3edbcd6d9f3ce1611eb4afabcc11fc6f
06_PRODUCTS/07_professorial_project/README.md,9895,4c501c34e985ec12511c9f3151b1b7d5b1ed41078fb4b6e1651db7bc3c48a972
06_PRODUCTS/07_professorial_project/evidence/.gitkeep,56,62d5bde4d300a0e91eeea174c08fa8792c958cc7588849fb114504c31b3740ce
06_PRODUCTS/07_professorial_project/evidence/evidencia_proyecto profesoral_2026.pdf,172820,226704854a872b35db3c9942e034880f670f8b0a2249c601406a8e23ccde79d7
06_PRODUCTS/07_professorial_project/project_sheet.md,11332,1211acc764962374ac7daaf252ce2ae994dd71f1e8da4caad1cd38afc2d71634
06_PRODUCTS/README.md,10502,f57a5fa1992133b4a19f240db1c67e530c7cc3d3a33fefaccf540918eb45f8b9
06_PRODUCTS/VALIDATION_REPORT.txt,591,766927e6870b3c67fbc3f82cf4124c07b9c9d0ecf27694fba0769b6503ffc191
06_PRODUCTS/_manifest_sha256.csv,20860,1702956a6336e4040b935d43212b8bcb16b1037a80c9460bb7d8fc53bc37f300
06_PRODUCTS/validate_products.R,3652,e8f031e7ee08d52f4dbfdc6f17407dd6b73e50584675e82f3415d417cd7d9363
