Zona,Year,periodo_fuente,horas_teo,horas_obs,coverage_reportada,WPD_central_TDQ,WPD_Q50,WPD_Q90,FNRR,es_historico,es_proyeccion,es_reconstruido_sin_observacion,coverage_observacional,definicion_WPD_central,Q90_corregido,cuantiles_cruzados,coherencia,E_free_final_kWh_m2,E_usable_final_kWh_m2,fuente_energia_final,estado_observacional,estado_temporal_final,coverage_observacional_final,Zona_label
1,2017,Observado 2017-2022,8760,3681,0.420205479452055,2.03256021705915,3.60517358538823,3.60517358538823,0,TRUE,FALSE,FALSE,0.420205479452055,media_aritmetica_de_serie_historica_reconstruida,3.60517358538823,FALSE,1,17.8052275014382,17.8052275014382,identidad_fisica_WPD_central_x_horas,historico_con_observaciones,historico_reconstruido_con_soporte_observacional_parcial,0.420205479452055,Zona 1
1,2018,Observado 2017-2022,8760,4169,0.475913242009133,3.21830196395209,3.60517358538823,5.95055927628001,0.105838325053925,TRUE,FALSE,FALSE,0.475913242009133,media_aritmetica_de_serie_historica_reconstruida,5.95055927628001,FALSE,0.894161674946075,28.1923252042203,25.2084967252301,identidad_fisica_WPD_central_x_horas,historico_con_observaciones,historico_reconstruido_con_soporte_observacional_parcial,0.475913242009133,Zona 1
1,2019,Observado 2017-2022,8760,4317,0.492808219178082,6.54104590488191,3.60517358538823,10.5648506898823,0.314063725431757,TRUE,FALSE,FALSE,0.492808219178082,media_aritmetica_de_serie_historica_reconstruida,10.5648506898823,FALSE,0.685936274568243,57.2995621267655,39.3038481796251,identidad_fisica_WPD_central_x_horas,historico_con_observaciones,historico_reconstruido_con_soporte_observacional_parcial,0.492808219178082,Zona 1
1,2020,Observado 2017-2022,8784,4200,0.478142076502732,2.41942208723546,3.60517358538823,3.60517358538823,0,TRUE,FALSE,FALSE,0.478142076502732,media_aritmetica_de_serie_historica_reconstruida,3.60517358538823,FALSE,1,21.2522036142763,21.2522036142763,identidad_fisica_WPD_central_x_horas,historico_con_observaciones,historico_reconstruido_con_soporte_observacional_parcial,0.478142076502732,Zona 1
1,2021,Observado 2017-2022,8760,3130,0.357305936073059,2.05781064272445,3.60517358538823,3.60517358538823,0,TRUE,FALSE,FALSE,0.357305936073059,media_aritmetica_de_serie_historica_reconstruida,3.60517358538823,FALSE,1,18.0264212302662,18.0264212302662,identidad_fisica_WPD_central_x_horas,historico_con_observaciones,historico_reconstruido_con_soporte_observacional_parcial,0.357305936073059,Zona 1
1,2022,Observado 2017-2022,8760,787,0.593949771689498,3.04631823325272,3.60517358538823,3.94986206994739,0.0410460604359589,TRUE,FALSE,FALSE,0.593949771689498,media_aritmetica_de_serie_historica_reconstruida,3.94986206994739,FALSE,0.958953939564041,26.6857477232938,25.5904029094648,identidad_fisica_WPD_central_x_horas,historico_con_observaciones,anio_mixto_observacion_parcial_y_proyeccion_T3_T4,0.593949771689498,Zona 1
1,2023,Proyectado 2023-2028,8760,0,1,3.99023231342669,3.60517358538823,4.56782040548437,0.110554978616003,FALSE,TRUE,FALSE,,indice_cuantilico_0.6_Q50_mas_0.4_Q90,4.56782040548437,FALSE,0.889445021383997,34.9544350656178,31.090048244404,identidad_fisica_WPD_central_x_horas,proyeccion,escenario_proyectado,,Zona 1
1,2024,Proyectado 2023-2028,8784,0,1,3.99023231342669,3.60517358538823,4.56782040548437,0.110554978616003,FALSE,TRUE,FALSE,,indice_cuantilico_0.6_Q50_mas_0.4_Q90,4.56782040548437,FALSE,0.889445021383997,35.0502006411401,31.1752264587722,identidad_fisica_WPD_central_x_horas,proyeccion,escenario_proyectado,,Zona 1
1,2025,Proyectado 2023-2028,8760,0,1,3.99023231342669,3.60517358538823,4.56782040548437,0.110554978616003,FALSE,TRUE,FALSE,,indice_cuantilico_0.6_Q50_mas_0.4_Q90,4.56782040548437,FALSE,0.889445021383997,34.9544350656178,31.090048244404,identidad_fisica_WPD_central_x_horas,proyeccion,escenario_proyectado,,Zona 1
1,2026,Proyectado 2023-2028,8760,0,1,3.99023231342669,3.60517358538823,4.56782040548437,0.110554978616003,FALSE,TRUE,FALSE,,indice_cuantilico_0.6_Q50_mas_0.4_Q90,4.56782040548437,FALSE,0.889445021383997,34.9544350656178,31.090048244404,identidad_fisica_WPD_central_x_horas,proyeccion,escenario_proyectado,,Zona 1
1,2027,Proyectado 2023-2028,8760,0,1,3.99023231342669,3.60517358538823,4.56782040548437,0.110554978616003,FALSE,TRUE,FALSE,,indice_cuantilico_0.6_Q50_mas_0.4_Q90,4.56782040548437,FALSE,0.889445021383997,34.9544350656178,31.090048244404,identidad_fisica_WPD_central_x_horas,proyeccion,escenario_proyectado,,Zona 1
1,2028,Proyectado 2023-2028,8784,0,1,3.99023231342669,3.60517358538823,4.56782040548437,0.110554978616003,FALSE,TRUE,FALSE,,indice_cuantilico_0.6_Q50_mas_0.4_Q90,4.56782040548437,FALSE,0.889445021383997,35.0502006411401,31.1752264587722,identidad_fisica_WPD_central_x_horas,proyeccion,escenario_proyectado,,Zona 1
2,2017,Observado 2017-2022,8760,3811,0.435045662100457,8.0120412692202,3.60517358538823,19.751745921739,0.476236630680873,TRUE,FALSE,FALSE,0.435045662100457,media_aritmetica_de_serie_historica_reconstruida,19.751745921739,FALSE,0.523763369319127,70.185481518369,36.7605842773462,identidad_fisica_WPD_central_x_horas,historico_con_observaciones,historico_reconstruido_con_soporte_observacional_parcial,0.435045662100457,Zona 2
2,2018,Observado 2017-2022,8760,4184,0.477625570776256,7.95848357613033,3.60517358538823,19.7423624684186,0.479116880979838,TRUE,FALSE,FALSE,0.477625570776256,media_aritmetica_de_serie_historica_reconstruida,19.7423624684186,FALSE,0.520883119020162,69.7163161269017,36.3140521907762,identidad_fisica_WPD_central_x_horas,historico_con_observaciones,historico_reconstruido_con_soporte_observacional_parcial,0.477625570776256,Zona 2
2,2019,Observado 2017-2022,8760,4286,0.489269406392694,19.0009183149914,3.60517358538823,53.6261876812264,0.554197919994118,TRUE,FALSE,FALSE,0.489269406392694,media_aritmetica_de_serie_historica_reconstruida,53.6261876812264,FALSE,0.445802080005882,166.448044439325,74.2028844239624,identidad_fisica_WPD_central_x_horas,historico_con_observaciones,historico_reconstruido_con_soporte_observacional_parcial,0.489269406392694,Zona 2
2,2020,Observado 2017-2022,8784,3643,0.414731329690346,11.4035197956911,3.60517358538823,32.9845661190867,0.513242736772744,TRUE,FALSE,FALSE,0.414731329690346,media_aritmetica_de_serie_historica_reconstruida,32.9845661190867,FALSE,0.486757263227256,100.168517885351,48.7577536274037,identidad_fisica_WPD_central_x_horas,historico_con_observaciones,historico_reconstruido_con_soporte_observacional_parcial,0.414731329690346,Zona 2
2,2021,Observado 2017-2022,8760,3551,0.405365296803653,6.19989124157983,3.60517358538823,13.7950664769975,0.408042696379306,TRUE,FALSE,FALSE,0.405365296803653,media_aritmetica_de_serie_historica_reconstruida,13.7950664769975,FALSE,0.591957303620694,54.3110472762393,32.1498211024587,identidad_fisica_WPD_central_x_horas,historico_con_observaciones,historico_reconstruido_con_soporte_observacional_parcial,0.405365296803653,Zona 2
2,2022,Observado 2017-2022,8760,1118,0.631735159817352,5.99520186720509,3.60517358538823,11.5470562480071,0.374867025140643,TRUE,FALSE,FALSE,0.631735159817352,media_aritmetica_de_serie_historica_reconstruida,11.5470562480071,FALSE,0.625132974859357,52.5179683567166,32.8307137924038,identidad_fisica_WPD_central_x_horas,historico_con_observaciones,anio_mixto_observacion_parcial_y_proyeccion_T3_T4,0.631735159817352,Zona 2
2,2023,Proyectado 2023-2028,8760,0,1,6.43059546456132,3.60517358538823,10.668728283321,0.351214236468874,FALSE,TRUE,FALSE,,indice_cuantilico_0.6_Q50_mas_0.4_Q90,10.668728283321,FALSE,0.648785763531126,56.3320162695572,36.5474101866925,identidad_fisica_WPD_central_x_horas,proyeccion,escenario_proyectado,,Zona 2
2,2024,Proyectado 2023-2028,8784,0,1,6.06353276476128,3.60517358538823,9.75107153382085,0.330191430524573,FALSE,TRUE,FALSE,,indice_cuantilico_0.6_Q50_mas_0.4_Q90,9.75107153382085,FALSE,0.669808569475427,53.2620718056631,35.6753921234487,identidad_fisica_WPD_central_x_horas,proyeccion,escenario_proyectado,,Zona 2
2,2025,Proyectado 2023-2028,8760,0,1,5.78325467395522,3.60517358538823,9.05037630680571,0.307953714735349,FALSE,TRUE,FALSE,,indice_cuantilico_0.6_Q50_mas_0.4_Q90,9.05037630680571,FALSE,0.692046285264651,50.6613109438477,35.0599720453272,identidad_fisica_WPD_central_x_horas,proyeccion,escenario_proyectado,,Zona 2
2,2026,Proyectado 2023-2028,8760,0,1,5.49967175493694,3.60517358538823,8.34141900925999,0.284586210701159,FALSE,TRUE,FALSE,,indice_cuantilico_0.6_Q50_mas_0.4_Q90,8.34141900925999,FALSE,0.715413789298841,48.1771245732476,34.4665792484694,identidad_fisica_WPD_central_x_horas,proyeccion,escenario_proyectado,,Zona 2
2,2027,Proyectado 2023-2028,8760,0,1,5.2462794326966,3.60517358538823,7.70793820365916,0.259274942492079,FALSE,TRUE,FALSE,,indice_cuantilico_0.6_Q50_mas_0.4_Q90,7.70793820365916,FALSE,0.740725057507921,45.9574078304222,34.0418035581045,identidad_fisica_WPD_central_x_horas,proyeccion,escenario_proyectado,,Zona 2
2,2028,Proyectado 2023-2028,8784,0,1,5.00274284920297,3.60517358538823,7.09909674492508,0.231943244092306,FALSE,TRUE,FALSE,,indice_cuantilico_0.6_Q50_mas_0.4_Q90,7.09909674492508,FALSE,0.768056755907694,43.9440931873989,33.751557654819,identidad_fisica_WPD_central_x_horas,proyeccion,escenario_proyectado,,Zona 2
3,2017,Observado 2017-2022,8760,3891,0.444178082191781,8.01770741821247,3.60517358538823,17.7505189357133,0.454481527524632,TRUE,FALSE,FALSE,0.444178082191781,media_aritmetica_de_serie_historica_reconstruida,17.7505189357133,FALSE,0.545518472475368,70.2351169835413,38.3145537309902,identidad_fisica_WPD_central_x_horas,historico_con_observaciones,historico_reconstruido_con_soporte_observacional_parcial,0.444178082191781,Zona 3
3,2018,Observado 2017-2022,8760,4195,0.478881278538813,10.4720357946175,3.60517358538823,25.3535368540474,0.49479207536875,TRUE,FALSE,FALSE,0.478881278538813,media_aritmetica_de_serie_historica_reconstruida,25.3535368540474,FALSE,0.50520792463125,91.7350335608493,46.3452659212547,identidad_fisica_WPD_central_x_horas,historico_con_observaciones,historico_reconstruido_con_soporte_observacional_parcial,0.478881278538813,Zona 3
3,2019,Observado 2017-2022,8760,4323,0.493493150684932,11.9356952666908,3.60517358538823,28.7523945734681,0.527911711026435,TRUE,FALSE,FALSE,0.493493150684932,media_aritmetica_de_serie_historica_reconstruida,28.7523945734681,FALSE,0.472088288973565,104.556690536211,49.3599891359786,identidad_fisica_WPD_central_x_horas,historico_con_observaciones,historico_reconstruido_con_soporte_observacional_parcial,0.493493150684932,Zona 3
3,2020,Observado 2017-2022,8784,4248,0.483606557377049,9.25879823537288,3.60517358538823,26.7350610666067,0.534182402104234,TRUE,FALSE,FALSE,0.483606557377049,media_aritmetica_de_serie_historica_reconstruida,26.7350610666067,FALSE,0.465817597895766,81.3292836995154,37.8846115714915,identidad_fisica_WPD_central_x_horas,historico_con_observaciones,historico_reconstruido_con_soporte_observacional_parcial,0.483606557377049,Zona 3
3,2021,Observado 2017-2022,8760,2895,0.330479452054795,4.16075562345435,3.60517358538823,8.18915120462236,0.284319488463176,TRUE,FALSE,FALSE,0.330479452054795,media_aritmetica_de_serie_historica_reconstruida,8.18915120462236,FALSE,0.715680511536824,36.4482192614601,26.0852802056481,identidad_fisica_WPD_central_x_horas,historico_con_observaciones,historico_reconstruido_con_soporte_observacional_parcial,0.330479452054795,Zona 3
3,2022,Observado 2017-2022,8760,1396,0.663470319634703,4.45061566990352,3.60517358538823,7.10314806756867,0.237622985589206,TRUE,FALSE,FALSE,0.663470319634703,media_aritmetica_de_serie_historica_reconstruida,7.10314806756867,FALSE,0.762377014410794,38.9873932683548,29.7230924795879,identidad_fisica_WPD_central_x_horas,historico_con_observaciones,anio_mixto_observacion_parcial_y_proyeccion_T3_T4,0.663470319634703,Zona 3
3,2023,Proyectado 2023-2028,8760,0,1,4.2816402337186,3.60517358538823,5.29634020621416,0.134956543477365,FALSE,TRUE,FALSE,,indice_cuantilico_0.6_Q50_mas_0.4_Q90,5.29634020621416,FALSE,0.865043456522635,37.507168447375,32.4453306380939,identidad_fisica_WPD_central_x_horas,proyeccion,escenario_proyectado,,Zona 3
3,2024,Proyectado 2023-2028,8784,0,1,3.88742089742046,3.60517358538823,4.31079186546881,0.0856916608317913,FALSE,TRUE,FALSE,,indice_cuantilico_0.6_Q50_mas_0.4_Q90,4.31079186546881,FALSE,0.914308339168209,34.1471051629413,31.2209830089311,identidad_fisica_WPD_central_x_horas,proyeccion,escenario_proyectado,,Zona 3
3,2025,Proyectado 2023-2028,8760,0,1,3.55687489576406,3.60517358538823,3.48442686132781,0.0535716259456094,FALSE,TRUE,FALSE,,indice_cuantilico_0.6_Q50_mas_0.4_Q90,3.60517358538823,TRUE,0.946428374054391,31.1582240868932,29.4890273609807,identidad_fisica_WPD_central_x_horas,proyeccion,escenario_proyectado,,Zona 3
3,2026,Proyectado 2023-2028,8760,0,1,3.27693139321848,3.60517358538823,2.78456810496385,0.0345409989042245,FALSE,TRUE,FALSE,,indice_cuantilico_0.6_Q50_mas_0.4_Q90,3.60517358538823,TRUE,0.965459001095775,28.7059190045939,27.7143878877115,identidad_fisica_WPD_central_x_horas,proyeccion,escenario_proyectado,,Zona 3
3,2027,Proyectado 2023-2028,8760,0,1,3.04067706603514,3.60517358538823,2.19393228700552,0.0114740426752636,FALSE,TRUE,FALSE,,indice_cuantilico_0.6_Q50_mas_0.4_Q90,3.60517358538823,TRUE,0.988525957324736,26.6363310984678,26.3307046987316,identidad_fisica_WPD_central_x_horas,proyeccion,escenario_proyectado,,Zona 3
3,2028,Proyectado 2023-2028,8784,0,1,2.84070218775239,3.60517358538823,1.69399509129862,0,FALSE,TRUE,FALSE,,indice_cuantilico_0.6_Q50_mas_0.4_Q90,3.60517358538823,TRUE,1,24.952728017217,24.952728017217,identidad_fisica_WPD_central_x_horas,proyeccion,escenario_proyectado,,Zona 3
4,2017,Observado 2017-2022,8760,0,0,6.60659621326826,3.60517358538823,18.2841885871078,0.40451776399114,TRUE,FALSE,TRUE,,media_aritmetica_de_serie_historica_reconstruida,18.2841885871078,FALSE,0.59548223600886,57.87378282823,34.4628096048455,identidad_fisica_WPD_central_x_horas,historico_reconstruido_sin_observacion,historico_reconstruido_sin_observacion,,Zona 4
4,2018,Observado 2017-2022,8760,0,0,6.60659621326826,3.60517358538823,18.2841885871078,0.40451776399114,TRUE,FALSE,TRUE,,media_aritmetica_de_serie_historica_reconstruida,18.2841885871078,FALSE,0.59548223600886,57.87378282823,34.4628096048455,identidad_fisica_WPD_central_x_horas,historico_reconstruido_sin_observacion,historico_reconstruido_sin_observacion,,Zona 4
4,2019,Observado 2017-2022,8760,35,0.00399543378995434,6.6331068039072,3.60517358538823,18.2999655699229,0.405381519135266,TRUE,FALSE,FALSE,0.00399543378995434,media_aritmetica_de_serie_historica_reconstruida,18.2999655699229,FALSE,0.594618480864734,58.1060156022271,34.5509107264988,identidad_fisica_WPD_central_x_horas,historico_con_observaciones,historico_reconstruido_con_soporte_observacional_parcial,0.00399543378995434,Zona 4
4,2020,Observado 2017-2022,8784,218,0.0248178506375228,7.15213098454901,3.60517358538823,15.5470560015773,0.378722347976204,TRUE,FALSE,FALSE,0.0248178506375228,media_aritmetica_de_serie_historica_reconstruida,15.5470560015773,FALSE,0.621277652023796,62.8243185682785,39.031345130095,identidad_fisica_WPD_central_x_horas,historico_con_observaciones,historico_reconstruido_con_soporte_observacional_parcial,0.0248178506375228,Zona 4
4,2021,Observado 2017-2022,8760,2767,0.315867579908676,8.7830138228882,3.60517358538823,22.5212536324419,0.476600397489455,TRUE,FALSE,FALSE,0.315867579908676,media_aritmetica_de_serie_historica_reconstruida,22.5212536324419,FALSE,0.523399602510545,76.9392010885006,40.2699472672001,identidad_fisica_WPD_central_x_horas,historico_con_observaciones,historico_reconstruido_con_soporte_observacional_parcial,0.315867579908676,Zona 4
4,2022,Observado 2017-2022,8760,1338,0.656849315068493,9.23380915719812,3.60517358538823,21.3244128674272,0.467718249377771,TRUE,FALSE,FALSE,0.656849315068493,media_aritmetica_de_serie_historica_reconstruida,21.3244128674272,FALSE,0.532281750622229,80.8881682170555,43.0552957831997,identidad_fisica_WPD_central_x_horas,historico_con_observaciones,anio_mixto_observacion_parcial_y_proyeccion_T3_T4,0.656849315068493,Zona 4
4,2023,Proyectado 2023-2028,8760,0,1,10.3891461182987,3.60517358538823,20.5651049176645,0.458469918915223,FALSE,TRUE,FALSE,,indice_cuantilico_0.6_Q50_mas_0.4_Q90,20.5651049176645,FALSE,0.541530081084777,91.0089199962966,49.2840678250325,identidad_fisica_WPD_central_x_horas,proyeccion,escenario_proyectado,,Zona 4
4,2024,Proyectado 2023-2028,8784,0,1,10.3894089106902,3.60517358538823,20.5657618986431,0.458595712871615,FALSE,TRUE,FALSE,,indice_cuantilico_0.6_Q50_mas_0.4_Q90,20.5657618986431,FALSE,0.541404287128385,91.2605678715027,49.4088626914025,identidad_fisica_WPD_central_x_horas,proyeccion,escenario_proyectado,,Zona 4
4,2025,Proyectado 2023-2028,8760,0,1,10.3891461182987,3.60517358538823,20.5651049176645,0.458469918915223,FALSE,TRUE,FALSE,,indice_cuantilico_0.6_Q50_mas_0.4_Q90,20.5651049176645,FALSE,0.541530081084777,91.0089199962966,49.2840678250325,identidad_fisica_WPD_central_x_horas,proyeccion,escenario_proyectado,,Zona 4
4,2026,Proyectado 2023-2028,8760,0,1,10.3891461182987,3.60517358538823,20.5651049176645,0.458469918915223,FALSE,TRUE,FALSE,,indice_cuantilico_0.6_Q50_mas_0.4_Q90,20.5651049176645,FALSE,0.541530081084777,91.0089199962966,49.2840678250325,identidad_fisica_WPD_central_x_horas,proyeccion,escenario_proyectado,,Zona 4
4,2027,Proyectado 2023-2028,8760,0,1,10.3891461182987,3.60517358538823,20.5651049176645,0.458469918915223,FALSE,TRUE,FALSE,,indice_cuantilico_0.6_Q50_mas_0.4_Q90,20.5651049176645,FALSE,0.541530081084777,91.0089199962966,49.2840678250325,identidad_fisica_WPD_central_x_horas,proyeccion,escenario_proyectado,,Zona 4
4,2028,Proyectado 2023-2028,8784,0,1,10.3894089106902,3.60517358538823,20.5657618986431,0.458595712871615,FALSE,TRUE,FALSE,,indice_cuantilico_0.6_Q50_mas_0.4_Q90,20.5657618986431,FALSE,0.541404287128385,91.2605678715027,49.4088626914025,identidad_fisica_WPD_central_x_horas,proyeccion,escenario_proyectado,,Zona 4
