figure_id,caption,printed_page,pdf_page_1based,evidence_file,authority,status,evidence_note
1.1,Estructura del documento,26,34,07_FIGURES/canonical_thesis_evidence/Figure_1_1.png,corrected_thesis_pdf,canonical_evidence,
2.1,Mapa de zonificación analítica y estaciones meteorológicas IDEAM en Nariño.,32,40,07_FIGURES/canonical_thesis_evidence/Figure_2_1.png,corrected_thesis_pdf,canonical_evidence,
2.2,Cobertura temporal de registros de velocidad del viento por estación meteorológica.,33,41,07_FIGURES/canonical_thesis_evidence/Figure_2_2.png,corrected_thesis_pdf,canonical_evidence,
2.3,Distribución de la velocidad del viento por zona analítica.,39,47,07_FIGURES/canonical_thesis_evidence/Figure_2_3.png,corrected_thesis_pdf,canonical_evidence,
2.4,Distribución de la densidad de potencia eólica por zona analítica.,40,48,07_FIGURES/canonical_thesis_evidence/Figure_2_4.png,corrected_thesis_pdf,canonical_evidence,
2.5,Función acumulada empírica y ajustes Weibull/Rayleigh de la velocidad del viento por zona analítica.,43,51,07_FIGURES/canonical_thesis_evidence/Figure_2_5.png,corrected_thesis_pdf,canonical_evidence,
2.6,Función de autocorrelación diaria de la velocidad del viento por zona analítica.,46,54,07_FIGURES/canonical_thesis_evidence/Figure_2_6.png,corrected_thesis_pdf,canonical_evidence,
2.7,Función de autocorrelación parcial diaria de la velocidad del viento por zona analítica.,47,55,07_FIGURES/canonical_thesis_evidence/Figure_2_7.png,corrected_thesis_pdf,canonical_evidence,
2.8,Espectro FFT diario de la velocidad del viento por zona analítica.,50,58,07_FIGURES/canonical_thesis_evidence/Figure_2_8.png,corrected_thesis_pdf,canonical_evidence,
2.9,Distribución de energía espectral de la velocidad del viento por banda temporal.,51,59,07_FIGURES/canonical_thesis_evidence/Figure_2_9.png,corrected_thesis_pdf,canonical_evidence,
2.10,Espectro Wavelet Morlet de la velocidad del viento por zona analítica.,53,61,07_FIGURES/canonical_thesis_evidence/Figure_2_10.png,corrected_thesis_pdf,canonical_evidence,
3.1,"Flujo metodológico del Capítulo 3: datos meteorológicos, construcción física de WPD, partición temporal, modelos candidatos, integración final y evaluación predictiva.",60,68,07_FIGURES/canonical_thesis_evidence/Figure_3_1.png,corrected_thesis_pdf,canonical_evidence,
3.2,"Esquema de partición temporal declarado para entrenamiento, validación y prueba.",63,71,07_FIGURES/canonical_thesis_evidence/Figure_3_2.png,corrected_thesis_pdf,canonical_evidence,
3.3,Secuencia de evaluación determinista de WPD frente a persistencia y diagnóstico complementario.,76,84,07_FIGURES/canonical_thesis_evidence/Figure_3_3.png,corrected_thesis_pdf,canonical_evidence,
3.4,Comparación agregada del Skill-RMSE medio frente a persistencia para WPD por familia de modelos.,78,86,07_FIGURES/canonical_thesis_evidence/Figure_3_4.png,corrected_thesis_pdf,canonical_evidence,Plot on printed page 77; official caption and listed page on printed page 78.
3.5,Comparación observada-predicha de WPD para modelos candidatos representativos de la primera versión aprobada.,79,87,07_FIGURES/canonical_thesis_evidence/Figure_3_5.png,corrected_thesis_pdf,canonical_evidence,
3.6,Skill-RMSE del modelo final frente a persistencia por zona y horizonte.,83,91,07_FIGURES/canonical_thesis_evidence/Figure_3_6.png,corrected_thesis_pdf,canonical_evidence,
3.7,Coeficiente de determinación R² del modelo final por zona y horizonte.,83,91,07_FIGURES/canonical_thesis_evidence/Figure_3_7.png,corrected_thesis_pdf,canonical_evidence,
3.8,RMSE del modelo final por zona y horizonte.,84,92,07_FIGURES/canonical_thesis_evidence/Figure_3_8.png,corrected_thesis_pdf,canonical_evidence,
3.9,Cobertura empírica PI90 del modelo final por zona y horizonte.,87,95,07_FIGURES/canonical_thesis_evidence/Figure_3_9.png,corrected_thesis_pdf,canonical_evidence,
3.10,Ancho promedio de los intervalos PI90 del modelo final por zona y horizonte.,87,95,07_FIGURES/canonical_thesis_evidence/Figure_3_10.png,corrected_thesis_pdf,canonical_evidence,
3.11,Distribución de los residuos del modelo final por zona y horizonte.,90,98,07_FIGURES/canonical_thesis_evidence/Figure_3_11.png,corrected_thesis_pdf,canonical_evidence,
3.12,Transición conceptual entre el diagnóstico predictivo horario y la etapa trimestral separada de integración energética.,95,103,07_FIGURES/canonical_thesis_evidence/Figure_3_12.png,corrected_thesis_pdf,canonical_evidence,
4.1,"Flujo metodológico definitivo del Capítulo 4: de los datos meteorológicos y los resultados predictivos aprobados a la proyección multianual, la integración energética y la lectura regional.",98,106,07_FIGURES/canonical_thesis_evidence/Figure_4_1.png,corrected_thesis_pdf,canonical_evidence,
4.2,Evolución anual del indicador central de WPD por zona.,107,115,07_FIGURES/canonical_thesis_evidence/Figure_4_2.png,corrected_thesis_pdf,canonical_evidence,
4.3,"Indicadores anuales de energía integrada y energía estructuralmente modulada por zona, 2017–2028.",108,116,07_FIGURES/canonical_thesis_evidence/Figure_4_3.png,corrected_thesis_pdf,canonical_evidence,
4.4,Síntesis 2017–2028 del indicador energético estructural por zona.,112,120,07_FIGURES/canonical_thesis_evidence/Figure_4_4.png,corrected_thesis_pdf,canonical_evidence,
4.5,"Evolución anual del Factor de No Regularidad Regional (FNRR) por zona, 2017–2028.",112,120,07_FIGURES/canonical_thesis_evidence/Figure_4_5.png,corrected_thesis_pdf,canonical_evidence,
4.6,"Relación entre irregularidad regional y magnitud energética, 2017–2028.",113,121,07_FIGURES/canonical_thesis_evidence/Figure_4_6.png,corrected_thesis_pdf,canonical_evidence,
4.7,"Escenario central del indicador energético por zona, 2023–2028.",114,122,07_FIGURES/canonical_thesis_evidence/Figure_4_7.png,corrected_thesis_pdf,canonical_evidence,
5.1,"Trayectoria metodológica integrada de la tesis, desde los datos meteorológicos hasta el indicador de energía estructuralmente modulada.",126,134,07_FIGURES/canonical_thesis_evidence/Figure_5_1.png,corrected_thesis_pdf,canonical_evidence,
