zone,zona,variable,diagnostic,lag,value
1,Zona 1,VV,PACF,1,0.924494025223425
1,Zona 1,VV,PACF,2,0.212764526441707
1,Zona 1,VV,PACF,3,0.215579177403682
1,Zona 1,VV,PACF,4,0.170202213362303
1,Zona 1,VV,PACF,5,0.166837674712419
1,Zona 1,VV,PACF,6,-0.000852943377771678
1,Zona 1,VV,PACF,7,0.157107113667289
1,Zona 1,VV,PACF,8,0.117144016439675
1,Zona 1,VV,PACF,9,-0.00161530275786808
1,Zona 1,VV,PACF,10,-0.030305757724805
1,Zona 1,VV,PACF,11,0.0306497404193289
1,Zona 1,VV,PACF,12,0.0636315509264488
1,Zona 1,VV,PACF,13,0.00682272586350667
1,Zona 1,VV,PACF,14,0.055453195755806
1,Zona 1,VV,PACF,15,-0.0774018610006637
1,Zona 1,VV,PACF,16,0.132261934742147
1,Zona 1,VV,PACF,17,-0.0678201066683284
1,Zona 1,VV,PACF,18,-0.010205784827241
1,Zona 1,VV,PACF,19,-0.0299123349257898
1,Zona 1,VV,PACF,20,-0.0469286975132923
1,Zona 1,VV,PACF,21,0.055781056632451
1,Zona 1,VV,PACF,22,0.0154782684463526
1,Zona 1,VV,PACF,23,0.021607816165134
1,Zona 1,VV,PACF,24,-0.005203668377723
1,Zona 1,VV,PACF,25,0.0577668273958661
1,Zona 1,VV,PACF,26,0.0464647073477182
1,Zona 1,VV,PACF,27,0.00342453334946435
1,Zona 1,VV,PACF,28,-0.0121702980051391
1,Zona 1,VV,PACF,29,0.00496846341372997
1,Zona 1,VV,PACF,30,0.0411050739052602
1,Zona 1,VV,PACF,31,0.0218744415852355
1,Zona 1,VV,PACF,32,-0.0223332743151646
1,Zona 1,VV,PACF,33,-0.0275011970330344
1,Zona 1,VV,PACF,34,-0.0126576410752241
1,Zona 1,VV,PACF,35,0.0118900083479217
1,Zona 1,VV,PACF,36,0.0896526264904091
1,Zona 1,VV,PACF,37,0.0231233365395517
1,Zona 1,VV,PACF,38,0.0577098458285278
1,Zona 1,VV,PACF,39,0.054244155053995
1,Zona 1,VV,PACF,40,0.015853092120516
1,Zona 1,VV,PACF,41,0.0497796427309943
1,Zona 1,VV,PACF,42,0.0343445738726687
1,Zona 1,VV,PACF,43,0.0296695598479766
1,Zona 1,VV,PACF,44,-0.0194944265476173
1,Zona 1,VV,PACF,45,0.0623353812875479
1,Zona 1,VV,PACF,46,0.0125722086679811
1,Zona 1,VV,PACF,47,-0.0373733106421382
1,Zona 1,VV,PACF,48,0.0116884239649042
1,Zona 1,VV,PACF,49,0.0225661652871201
1,Zona 1,VV,PACF,50,-0.0518743733449998
1,Zona 1,VV,PACF,51,-0.0236133134550443
1,Zona 1,VV,PACF,52,-0.066850814336721
1,Zona 1,VV,PACF,53,-0.0382429643070961
1,Zona 1,VV,PACF,54,0.0599273048887558
1,Zona 1,VV,PACF,55,0.00208848187986189
1,Zona 1,VV,PACF,56,-0.0604901149201677
1,Zona 1,VV,PACF,57,0.0580672371950045
1,Zona 1,VV,PACF,58,0.0540803662128061
1,Zona 1,VV,PACF,59,-0.00999182535566201
1,Zona 1,VV,PACF,60,-0.00109049042720223
1,Zona 1,WPD,PACF,1,0.885026460577975
1,Zona 1,WPD,PACF,2,0.30066629824724
1,Zona 1,WPD,PACF,3,0.197978823863147
1,Zona 1,WPD,PACF,4,0.200115554692772
1,Zona 1,WPD,PACF,5,0.160235569841881
1,Zona 1,WPD,PACF,6,0.0495225103775092
1,Zona 1,WPD,PACF,7,0.111972135290317
1,Zona 1,WPD,PACF,8,0.15415408972204
1,Zona 1,WPD,PACF,9,0.0376076944733123
1,Zona 1,WPD,PACF,10,-0.0330218123904645
1,Zona 1,WPD,PACF,11,0.063392829079491
1,Zona 1,WPD,PACF,12,0.0390074377593819
1,Zona 1,WPD,PACF,13,0.0214543486871008
1,Zona 1,WPD,PACF,14,0.0387693243402438
1,Zona 1,WPD,PACF,15,-0.0211966056469723
1,Zona 1,WPD,PACF,16,0.0684558757271226
1,Zona 1,WPD,PACF,17,-0.0023035646411165
1,Zona 1,WPD,PACF,18,-0.0250688346556893
1,Zona 1,WPD,PACF,19,-0.0519062958899559
1,Zona 1,WPD,PACF,20,-0.080090379142321
1,Zona 1,WPD,PACF,21,0.0363400759155112
1,Zona 1,WPD,PACF,22,0.0226373990592173
1,Zona 1,WPD,PACF,23,0.0262027602354057
1,Zona 1,WPD,PACF,24,-0.0255806261279198
1,Zona 1,WPD,PACF,25,0.0211860863781389
1,Zona 1,WPD,PACF,26,0.104167665550064
1,Zona 1,WPD,PACF,27,0.000152181831576802
1,Zona 1,WPD,PACF,28,0.0449054686733523
1,Zona 1,WPD,PACF,29,0.00259827564194054
1,Zona 1,WPD,PACF,30,-0.000623937467800108
1,Zona 1,WPD,PACF,31,0.0489663049687868
1,Zona 1,WPD,PACF,32,0.000720018564576824
1,Zona 1,WPD,PACF,33,-0.00895242351165118
1,Zona 1,WPD,PACF,34,0.00597863778089105
1,Zona 1,WPD,PACF,35,-0.00284423827655671
1,Zona 1,WPD,PACF,36,0.059360040274755
1,Zona 1,WPD,PACF,37,0.0160636830415741
1,Zona 1,WPD,PACF,38,0.0523407322568701
1,Zona 1,WPD,PACF,39,0.0554368280315605
1,Zona 1,WPD,PACF,40,0.0260160916051788
1,Zona 1,WPD,PACF,41,0.00569178695100799
1,Zona 1,WPD,PACF,42,0.0571513144248174
1,Zona 1,WPD,PACF,43,-0.0136389595696001
1,Zona 1,WPD,PACF,44,-0.0106170507820557
1,Zona 1,WPD,PACF,45,0.0751677126919696
1,Zona 1,WPD,PACF,46,0.0295986374567031
1,Zona 1,WPD,PACF,47,-0.0520140613347845
1,Zona 1,WPD,PACF,48,-0.0131287071582241
1,Zona 1,WPD,PACF,49,0.0333924200215749
1,Zona 1,WPD,PACF,50,-0.0305512989476574
1,Zona 1,WPD,PACF,51,-0.00121420390730106
1,Zona 1,WPD,PACF,52,-0.0406860227041073
1,Zona 1,WPD,PACF,53,-0.0616972714516937
1,Zona 1,WPD,PACF,54,0.0389913576659855
1,Zona 1,WPD,PACF,55,0.0058991311202865
1,Zona 1,WPD,PACF,56,-0.0268155219537231
1,Zona 1,WPD,PACF,57,0.0132007114261751
1,Zona 1,WPD,PACF,58,0.0225393561071293
1,Zona 1,WPD,PACF,59,-0.000773731460070402
1,Zona 1,WPD,PACF,60,-0.0206720770675153
2,Zona 2,VV,PACF,1,0.874520241555065
2,Zona 2,VV,PACF,2,-0.0606640690703089
2,Zona 2,VV,PACF,3,0.0995313828274115
2,Zona 2,VV,PACF,4,0.110982682096498
2,Zona 2,VV,PACF,5,0.0202681097074585
2,Zona 2,VV,PACF,6,-0.00759522294287776
2,Zona 2,VV,PACF,7,0.0284499624091245
2,Zona 2,VV,PACF,8,0.0179489547347283
2,Zona 2,VV,PACF,9,-0.00450035469774267
2,Zona 2,VV,PACF,10,0.0139708617275877
2,Zona 2,VV,PACF,11,0.0391101523449754
2,Zona 2,VV,PACF,12,0.0420465717781662
2,Zona 2,VV,PACF,13,0.044381705651615
2,Zona 2,VV,PACF,14,0.0599560356685465
2,Zona 2,VV,PACF,15,0.0222523138052412
2,Zona 2,VV,PACF,16,0.0642680594016755
2,Zona 2,VV,PACF,17,0.111809506858821
2,Zona 2,VV,PACF,18,0.0859139270392445
2,Zona 2,VV,PACF,19,-0.0162055650228667
2,Zona 2,VV,PACF,20,-0.0281266016530323
2,Zona 2,VV,PACF,21,0.0339583273955186
2,Zona 2,VV,PACF,22,0.046356624909001
2,Zona 2,VV,PACF,23,0.0595509884158572
2,Zona 2,VV,PACF,24,0.0367028887546828
2,Zona 2,VV,PACF,25,-0.00180574998741927
2,Zona 2,VV,PACF,26,0.00513021361529998
2,Zona 2,VV,PACF,27,-0.0271281336506939
2,Zona 2,VV,PACF,28,0.0171983899116354
2,Zona 2,VV,PACF,29,0.0228895840414438
2,Zona 2,VV,PACF,30,-0.00128283947456838
2,Zona 2,VV,PACF,31,-0.0171779769936901
2,Zona 2,VV,PACF,32,-0.0199914515116225
2,Zona 2,VV,PACF,33,-0.00701467041130141
2,Zona 2,VV,PACF,34,-0.0334119413035432
2,Zona 2,VV,PACF,35,-0.0225873308637111
2,Zona 2,VV,PACF,36,-0.0206068363819392
2,Zona 2,VV,PACF,37,-0.0172014513694601
2,Zona 2,VV,PACF,38,-0.0204815376216681
2,Zona 2,VV,PACF,39,0.0113248474167585
2,Zona 2,VV,PACF,40,0.0357155113182421
2,Zona 2,VV,PACF,41,-0.0236730028808789
2,Zona 2,VV,PACF,42,0.0250239093119662
2,Zona 2,VV,PACF,43,0.0511137586847679
2,Zona 2,VV,PACF,44,0.0200117101727153
2,Zona 2,VV,PACF,45,0.00509840402259739
2,Zona 2,VV,PACF,46,-0.024433514769087
2,Zona 2,VV,PACF,47,-0.0325722216592753
2,Zona 2,VV,PACF,48,0.0245874713662495
2,Zona 2,VV,PACF,49,-0.0110930940293023
2,Zona 2,VV,PACF,50,-0.0301294110746896
2,Zona 2,VV,PACF,51,0.063093185289633
2,Zona 2,VV,PACF,52,0.0351717615322372
2,Zona 2,VV,PACF,53,-0.0828029820316065
2,Zona 2,VV,PACF,54,-0.0517256864603533
2,Zona 2,VV,PACF,55,-0.010086087658102
2,Zona 2,VV,PACF,56,-0.06319168430727
2,Zona 2,VV,PACF,57,-0.0344980312507144
2,Zona 2,VV,PACF,58,-0.00535708026345756
2,Zona 2,VV,PACF,59,-0.0443194303784512
2,Zona 2,VV,PACF,60,-0.0276526500776588
2,Zona 2,WPD,PACF,1,0.881756920910821
2,Zona 2,WPD,PACF,2,-0.117495984678632
2,Zona 2,WPD,PACF,3,0.217600080448221
2,Zona 2,WPD,PACF,4,0.130051694127536
2,Zona 2,WPD,PACF,5,-0.0349292787522949
2,Zona 2,WPD,PACF,6,0.146243682978733
2,Zona 2,WPD,PACF,7,0.0551522893223119
2,Zona 2,WPD,PACF,8,-0.043580082393093
2,Zona 2,WPD,PACF,9,-0.024711324612258
2,Zona 2,WPD,PACF,10,0.0467138111657279
2,Zona 2,WPD,PACF,11,-0.139740347432362
2,Zona 2,WPD,PACF,12,0.127501497342753
2,Zona 2,WPD,PACF,13,0.0487406804029327
2,Zona 2,WPD,PACF,14,0.102210038275625
2,Zona 2,WPD,PACF,15,0.0622866886900096
2,Zona 2,WPD,PACF,16,0.0689917094197116
2,Zona 2,WPD,PACF,17,0.0319867817295101
2,Zona 2,WPD,PACF,18,0.0494842113915434
2,Zona 2,WPD,PACF,19,-0.0625410254844956
2,Zona 2,WPD,PACF,20,0.0225031380717911
2,Zona 2,WPD,PACF,21,-0.0200850020322213
2,Zona 2,WPD,PACF,22,0.0102570320188041
2,Zona 2,WPD,PACF,23,0.154281574390433
2,Zona 2,WPD,PACF,24,0.0672578778094807
2,Zona 2,WPD,PACF,25,-0.066932827358422
2,Zona 2,WPD,PACF,26,-0.0292433682965918
2,Zona 2,WPD,PACF,27,-0.0470815704676009
2,Zona 2,WPD,PACF,28,-0.0219842842533704
2,Zona 2,WPD,PACF,29,0.00627021853022001
2,Zona 2,WPD,PACF,30,0.0182039614653618
2,Zona 2,WPD,PACF,31,-0.0504464095477743
2,Zona 2,WPD,PACF,32,-0.0198083128748717
2,Zona 2,WPD,PACF,33,-0.0584008688373448
2,Zona 2,WPD,PACF,34,-0.0382213122841809
2,Zona 2,WPD,PACF,35,0.0232413516782086
2,Zona 2,WPD,PACF,36,-0.068843606893457
2,Zona 2,WPD,PACF,37,-0.00420432565921504
2,Zona 2,WPD,PACF,38,-0.0744774402774998
2,Zona 2,WPD,PACF,39,-0.0288700993675126
2,Zona 2,WPD,PACF,40,0.0571996012918134
2,Zona 2,WPD,PACF,41,0.00738683492423434
2,Zona 2,WPD,PACF,42,0.01292436583262
2,Zona 2,WPD,PACF,43,0.0764896399088658
2,Zona 2,WPD,PACF,44,0.0825102359375403
2,Zona 2,WPD,PACF,45,0.0198493389395123
2,Zona 2,WPD,PACF,46,-0.0308502188738534
2,Zona 2,WPD,PACF,47,-0.0712427427699962
2,Zona 2,WPD,PACF,48,-0.0701628236411496
2,Zona 2,WPD,PACF,49,-0.047483638889852
2,Zona 2,WPD,PACF,50,0.0365093683472807
2,Zona 2,WPD,PACF,51,-0.00321588787138618
2,Zona 2,WPD,PACF,52,0.0507580811824285
2,Zona 2,WPD,PACF,53,-0.0303605648635129
2,Zona 2,WPD,PACF,54,-0.0223340784038652
2,Zona 2,WPD,PACF,55,-0.0446656221954817
2,Zona 2,WPD,PACF,56,0.00649356232964944
2,Zona 2,WPD,PACF,57,0.0305851087667772
2,Zona 2,WPD,PACF,58,-0.0654849884219007
2,Zona 2,WPD,PACF,59,0.0262523191416329
2,Zona 2,WPD,PACF,60,0.00379833473431401
3,Zona 3,VV,PACF,1,0.742443545157484
3,Zona 3,VV,PACF,2,-0.0220429689207176
3,Zona 3,VV,PACF,3,0.0965768655147176
3,Zona 3,VV,PACF,4,0.0860879182942104
3,Zona 3,VV,PACF,5,0.0776049323994878
3,Zona 3,VV,PACF,6,0.0188566946668719
3,Zona 3,VV,PACF,7,0.0559682810884248
3,Zona 3,VV,PACF,8,0.0176284678258266
3,Zona 3,VV,PACF,9,0.047538130488204
3,Zona 3,VV,PACF,10,0.0329659308118651
3,Zona 3,VV,PACF,11,0.036236931624799
3,Zona 3,VV,PACF,12,-0.00589827044375374
3,Zona 3,VV,PACF,13,0.0145622251781848
3,Zona 3,VV,PACF,14,0.03017289932988
3,Zona 3,VV,PACF,15,0.0788649358304613
3,Zona 3,VV,PACF,16,0.0494126235813773
3,Zona 3,VV,PACF,17,0.0430329929080343
3,Zona 3,VV,PACF,18,0.0146371619768118
3,Zona 3,VV,PACF,19,0.0343540160144466
3,Zona 3,VV,PACF,20,-0.0379518232105075
3,Zona 3,VV,PACF,21,-0.00813906792526168
3,Zona 3,VV,PACF,22,0.00231268444237269
3,Zona 3,VV,PACF,23,0.0185708840885019
3,Zona 3,VV,PACF,24,0.0545665709297417
3,Zona 3,VV,PACF,25,0.0302043813121162
3,Zona 3,VV,PACF,26,0.0151832335049706
3,Zona 3,VV,PACF,27,0.0292844241579403
3,Zona 3,VV,PACF,28,0.041755725570023
3,Zona 3,VV,PACF,29,0.00868663728503485
3,Zona 3,VV,PACF,30,0.0584416140313725
3,Zona 3,VV,PACF,31,-0.038801597783411
3,Zona 3,VV,PACF,32,-0.0219858238110001
3,Zona 3,VV,PACF,33,-0.0175812832671507
3,Zona 3,VV,PACF,34,0.0173449410723476
3,Zona 3,VV,PACF,35,0.00203382310334264
3,Zona 3,VV,PACF,36,0.0455450447507751
3,Zona 3,VV,PACF,37,-0.00634902037301502
3,Zona 3,VV,PACF,38,0.0135474434877902
3,Zona 3,VV,PACF,39,-0.00597274735991802
3,Zona 3,VV,PACF,40,-0.0272776961597083
3,Zona 3,VV,PACF,41,-0.0125685488555856
3,Zona 3,VV,PACF,42,0.0117804402341124
3,Zona 3,VV,PACF,43,0.0471380582514029
3,Zona 3,VV,PACF,44,-0.00261984922636199
3,Zona 3,VV,PACF,45,0.0256720813995493
3,Zona 3,VV,PACF,46,-0.00385666893309924
3,Zona 3,VV,PACF,47,-0.00636126405052992
3,Zona 3,VV,PACF,48,-0.000639507862495604
3,Zona 3,VV,PACF,49,0.0119875054098665
3,Zona 3,VV,PACF,50,-0.0081817097068153
3,Zona 3,VV,PACF,51,0.0132722524412592
3,Zona 3,VV,PACF,52,-0.0282785301408754
3,Zona 3,VV,PACF,53,-0.00130521273834648
3,Zona 3,VV,PACF,54,-0.0370144299193573
3,Zona 3,VV,PACF,55,-0.0235965665188098
3,Zona 3,VV,PACF,56,-0.0179361416892396
3,Zona 3,VV,PACF,57,-0.0196685871046169
3,Zona 3,VV,PACF,58,-0.0655864222970276
3,Zona 3,VV,PACF,59,-0.000546836144601541
3,Zona 3,VV,PACF,60,-0.0309499310224638
3,Zona 3,WPD,PACF,1,0.694817576485998
3,Zona 3,WPD,PACF,2,0.0329152385669572
3,Zona 3,WPD,PACF,3,0.0482198638213311
3,Zona 3,WPD,PACF,4,-0.0445047600806665
3,Zona 3,WPD,PACF,5,0.131986178238017
3,Zona 3,WPD,PACF,6,0.00198912820820884
3,Zona 3,WPD,PACF,7,0.0417857266978891
3,Zona 3,WPD,PACF,8,-0.00528367381204996
3,Zona 3,WPD,PACF,9,0.0485601453535263
3,Zona 3,WPD,PACF,10,0.0455258819974976
3,Zona 3,WPD,PACF,11,0.00829544465953557
3,Zona 3,WPD,PACF,12,-0.0407793957880453
3,Zona 3,WPD,PACF,13,0.0381937517065013
3,Zona 3,WPD,PACF,14,0.0722002343728875
3,Zona 3,WPD,PACF,15,0.0653339623472488
3,Zona 3,WPD,PACF,16,0.0161946152604989
3,Zona 3,WPD,PACF,17,0.0588260700362968
3,Zona 3,WPD,PACF,18,-0.0309026382837249
3,Zona 3,WPD,PACF,19,0.0476430346809589
3,Zona 3,WPD,PACF,20,-0.0771887619233208
3,Zona 3,WPD,PACF,21,-0.0121802731830548
3,Zona 3,WPD,PACF,22,0.0109442130281737
3,Zona 3,WPD,PACF,23,0.0318068178181024
3,Zona 3,WPD,PACF,24,0.077738138995119
3,Zona 3,WPD,PACF,25,0.0425271162608228
3,Zona 3,WPD,PACF,26,0.0186499941938016
3,Zona 3,WPD,PACF,27,0.0605291637021261
3,Zona 3,WPD,PACF,28,0.01936628022981
3,Zona 3,WPD,PACF,29,0.015730298041679
3,Zona 3,WPD,PACF,30,0.0214918897579529
3,Zona 3,WPD,PACF,31,-0.04644447311433
3,Zona 3,WPD,PACF,32,-0.0121549554326709
3,Zona 3,WPD,PACF,33,-0.0591393424106552
3,Zona 3,WPD,PACF,34,-0.00193229774209983
3,Zona 3,WPD,PACF,35,0.00854571421853393
3,Zona 3,WPD,PACF,36,0.0598863777155574
3,Zona 3,WPD,PACF,37,-0.0112807596741857
3,Zona 3,WPD,PACF,38,0.0102928548389858
3,Zona 3,WPD,PACF,39,0.00399799137238843
3,Zona 3,WPD,PACF,40,-0.00816609101798678
3,Zona 3,WPD,PACF,41,-0.0194856834614215
3,Zona 3,WPD,PACF,42,0.0322266505203459
3,Zona 3,WPD,PACF,43,0.0306020427392089
3,Zona 3,WPD,PACF,44,-0.031013749442342
3,Zona 3,WPD,PACF,45,0.0572262412947304
3,Zona 3,WPD,PACF,46,-0.0142993124765771
3,Zona 3,WPD,PACF,47,-0.0215865008740032
3,Zona 3,WPD,PACF,48,0.0290743695687909
3,Zona 3,WPD,PACF,49,-0.0157754662781701
3,Zona 3,WPD,PACF,50,0.0645951969623595
3,Zona 3,WPD,PACF,51,0.00211292508212496
3,Zona 3,WPD,PACF,52,-0.0195497095107059
3,Zona 3,WPD,PACF,53,0.0263877874597218
3,Zona 3,WPD,PACF,54,-0.0282550817273183
3,Zona 3,WPD,PACF,55,0.0132959857332378
3,Zona 3,WPD,PACF,56,-0.0333601397940131
3,Zona 3,WPD,PACF,57,-0.0569806985624114
3,Zona 3,WPD,PACF,58,0.00111452382994339
3,Zona 3,WPD,PACF,59,-0.0213261696132865
3,Zona 3,WPD,PACF,60,-0.0226275018345573
4,Zona 4,VV,PACF,1,0.528310373214225
4,Zona 4,VV,PACF,2,0.115961006333362
4,Zona 4,VV,PACF,3,0.124843788674931
4,Zona 4,VV,PACF,4,0.0673486885894817
4,Zona 4,VV,PACF,5,0.0734308411793272
4,Zona 4,VV,PACF,6,0.0605439033625569
4,Zona 4,VV,PACF,7,0.0135128378232639
4,Zona 4,VV,PACF,8,-0.0175619674782703
4,Zona 4,VV,PACF,9,-0.0138306581368131
4,Zona 4,VV,PACF,10,0.0748885867237178
4,Zona 4,VV,PACF,11,-0.016590880959226
4,Zona 4,VV,PACF,12,0.0179343796848949
4,Zona 4,VV,PACF,13,0.0478866958794226
4,Zona 4,VV,PACF,14,-0.00988380419704807
4,Zona 4,VV,PACF,15,0.0509492209792564
4,Zona 4,VV,PACF,16,0.0190854417670282
4,Zona 4,VV,PACF,17,0.054684525139695
4,Zona 4,VV,PACF,18,-0.0218548931070969
4,Zona 4,VV,PACF,19,0.0216186181708762
4,Zona 4,VV,PACF,20,-0.0178514808940677
4,Zona 4,VV,PACF,21,0.0340043518389143
4,Zona 4,VV,PACF,22,0.0291095306114617
4,Zona 4,VV,PACF,23,0.0293292960646113
4,Zona 4,VV,PACF,24,0.0260851501257686
4,Zona 4,VV,PACF,25,0.00973982940259886
4,Zona 4,VV,PACF,26,0.0383764739524416
4,Zona 4,VV,PACF,27,0.031693567252907
4,Zona 4,VV,PACF,28,-0.0259096511110901
4,Zona 4,VV,PACF,29,0.0216863132077198
4,Zona 4,VV,PACF,30,-0.00180829788461135
4,Zona 4,VV,PACF,31,-0.00447771369287083
4,Zona 4,VV,PACF,32,-0.0300263952478147
4,Zona 4,VV,PACF,33,0.0221029196964046
4,Zona 4,VV,PACF,34,0.00127511625099108
4,Zona 4,VV,PACF,35,0.0452720681889242
4,Zona 4,VV,PACF,36,-0.0248225809880661
4,Zona 4,VV,PACF,37,0.0155738001937082
4,Zona 4,VV,PACF,38,0.00792315929645804
4,Zona 4,VV,PACF,39,-0.0118033568256661
4,Zona 4,VV,PACF,40,0.00306760617968076
4,Zona 4,VV,PACF,41,0.0420416803374317
4,Zona 4,VV,PACF,42,0.0504607373933986
4,Zona 4,VV,PACF,43,-0.0240537943363969
4,Zona 4,VV,PACF,44,-0.00490402516424673
4,Zona 4,VV,PACF,45,0.0432926012935188
4,Zona 4,VV,PACF,46,-0.0250038646487328
4,Zona 4,VV,PACF,47,0.00247519137303635
4,Zona 4,VV,PACF,48,-0.00154391783845906
4,Zona 4,VV,PACF,49,-0.0537431338409691
4,Zona 4,VV,PACF,50,-0.000740897009699026
4,Zona 4,VV,PACF,51,-0.0341363001495971
4,Zona 4,VV,PACF,52,-0.0328593331230854
4,Zona 4,VV,PACF,53,-0.0191662293232625
4,Zona 4,VV,PACF,54,0.0206192057224392
4,Zona 4,VV,PACF,55,-0.0357120934222544
4,Zona 4,VV,PACF,56,-0.0123105317995801
4,Zona 4,VV,PACF,57,-0.0453349569440568
4,Zona 4,VV,PACF,58,-0.0756062870855551
4,Zona 4,VV,PACF,59,-0.00152941772106695
4,Zona 4,VV,PACF,60,0.00757554902098741
4,Zona 4,WPD,PACF,1,0.674524622327828
4,Zona 4,WPD,PACF,2,0.102480238603349
4,Zona 4,WPD,PACF,3,0.084382286733926
4,Zona 4,WPD,PACF,4,0.0823089282655142
4,Zona 4,WPD,PACF,5,0.0372866162592178
4,Zona 4,WPD,PACF,6,0.07021275668624
4,Zona 4,WPD,PACF,7,-0.00938965799019817
4,Zona 4,WPD,PACF,8,-0.000365008707030135
4,Zona 4,WPD,PACF,9,0.00969371366468739
4,Zona 4,WPD,PACF,10,0.0929311148578007
4,Zona 4,WPD,PACF,11,-0.00504253555456526
4,Zona 4,WPD,PACF,12,0.00928301268107918
4,Zona 4,WPD,PACF,13,0.0467017467836329
4,Zona 4,WPD,PACF,14,-0.0300388804554422
4,Zona 4,WPD,PACF,15,0.062997906454328
4,Zona 4,WPD,PACF,16,0.0198139050164007
4,Zona 4,WPD,PACF,17,0.0376212049416255
4,Zona 4,WPD,PACF,18,-0.0031162852346186
4,Zona 4,WPD,PACF,19,0.0188399039757785
4,Zona 4,WPD,PACF,20,-0.00391621579027873
4,Zona 4,WPD,PACF,21,0.0107338279694503
4,Zona 4,WPD,PACF,22,0.0239505971079467
4,Zona 4,WPD,PACF,23,0.026009811272385
4,Zona 4,WPD,PACF,24,0.0307620850741646
4,Zona 4,WPD,PACF,25,0.025470166664878
4,Zona 4,WPD,PACF,26,0.0357405441729609
4,Zona 4,WPD,PACF,27,0.0537888725751493
4,Zona 4,WPD,PACF,28,-0.0389578878986701
4,Zona 4,WPD,PACF,29,0.0275176630132556
4,Zona 4,WPD,PACF,30,-0.0212135654276277
4,Zona 4,WPD,PACF,31,-0.0103222815035804
4,Zona 4,WPD,PACF,32,-0.0103880231718386
4,Zona 4,WPD,PACF,33,0.030732828569903
4,Zona 4,WPD,PACF,34,0.0204467988647895
4,Zona 4,WPD,PACF,35,0.0160399875483959
4,Zona 4,WPD,PACF,36,-0.0187157983692087
4,Zona 4,WPD,PACF,37,-0.00987951739070235
4,Zona 4,WPD,PACF,38,-0.00296690311124538
4,Zona 4,WPD,PACF,39,0.00457459729393318
4,Zona 4,WPD,PACF,40,0.0143717160397431
4,Zona 4,WPD,PACF,41,0.0275538288570575
4,Zona 4,WPD,PACF,42,0.0584423217666818
4,Zona 4,WPD,PACF,43,-0.0230917569424792
4,Zona 4,WPD,PACF,44,-0.0059216607211295
4,Zona 4,WPD,PACF,45,0.0261691110503423
4,Zona 4,WPD,PACF,46,-0.0701320258981978
4,Zona 4,WPD,PACF,47,0.00411257770865161
4,Zona 4,WPD,PACF,48,-0.00571580746103569
4,Zona 4,WPD,PACF,49,-0.0557812809206265
4,Zona 4,WPD,PACF,50,-0.00532610039137266
4,Zona 4,WPD,PACF,51,-0.0256289929326758
4,Zona 4,WPD,PACF,52,-0.0128761047769738
4,Zona 4,WPD,PACF,53,-0.00393483948354162
4,Zona 4,WPD,PACF,54,-0.0204626963712246
4,Zona 4,WPD,PACF,55,-0.042455094647042
4,Zona 4,WPD,PACF,56,-0.015566494001558
4,Zona 4,WPD,PACF,57,-0.0420491414104523
4,Zona 4,WPD,PACF,58,-0.0416298942950151
4,Zona 4,WPD,PACF,59,-0.00799999626094954
4,Zona 4,WPD,PACF,60,0.0283385343630546
