zone,date_month,year_month,mean_VV,median_VV,mean_WPD,median_WPD,n_records,zona
1,2017-01-01,2017-01,0.529379166666667,0.461,0.136256082176152,0.0433270471432747,16,Zona 1
1,2017-02-01,2017-02,0.302062091503268,0.183333333333333,0.0633920096807446,0.00273657070816304,510,Zona 1
1,2017-03-01,2017-03,0.252052341597796,0.166666666666667,0.045439261717598,0.00257012153346731,726,Zona 1
1,2017-04-01,2017-04,0.276056797020484,0.183333333333333,0.0483097564848151,0.0034720607767124,716,Zona 1
1,2017-05-01,2017-05,0.140966822187662,0.05,1.84254265862569,6.94152229487002e-05,1286,Zona 1
1,2017-06-01,2017-06,0.490397572435396,0.2,4.88446275796058,0.00444432667967195,1277,Zona 1
1,2017-07-01,2017-07,0.702766990605766,0.2,132.966049495242,0.00446877175223588,1029,Zona 1
1,2017-08-01,2017-08,0.940374489795919,0.533333333333333,198.517775918931,0.0803877281141036,1274,Zona 1
1,2017-09-01,2017-09,0.879005362505362,0.542666666666667,161.209541960524,0.0844957225708025,1332,Zona 1
1,2017-10-01,2017-10,0.744626464507237,0.5134,6.92507740029469,0.0696451447343202,1451,Zona 1
1,2017-11-01,2017-11,0.991758670485739,0.757333333333333,3.69372666192532,0.234520837757322,1995,Zona 1
1,2017-12-01,2017-12,1.02387071517746,0.784,1.84595215563283,0.253088928662013,1869,Zona 1
1,2018-01-01,2018-01,1.1737583433856,0.988333333333333,2.36165626098664,0.529081867661398,829,Zona 1
1,2018-02-01,2018-02,1.4673830543933,1.29983333333333,3.38698970513123,1.15418454521506,956,Zona 1
1,2018-03-01,2018-03,1.21758010819808,1.08333333333333,2.33948585447436,0.669241932772515,1602,Zona 1
1,2018-04-01,2018-04,1.23374538799414,0.793166666666667,130.485624789829,0.274175706948609,2049,Zona 1
1,2018-05-01,2018-05,1.35137183098592,0.8,232.720840514743,0.286625613033332,2130,Zona 1
1,2018-06-01,2018-06,1.12441541287335,0.75,110.049930889205,0.224434481555122,2087,Zona 1
1,2018-07-01,2018-07,1.02008258345429,0.766666666666667,5.17236000006443,0.240049559878596,2067,Zona 1
1,2018-08-01,2018-08,1.08598065917603,0.8,8.86110193337224,0.285216005519943,2225,Zona 1
1,2018-09-01,2018-09,1.19322440447253,0.716666666666667,160.322136294223,0.2064366510385,2057,Zona 1
1,2018-10-01,2018-10,4.67421301003961,1.14341666666667,2869.45939690918,0.808528266860156,2068,Zona 1
1,2018-11-01,2018-11,7.14740197536787,1.4335,4622.64691735708,1.61653456995907,2084,Zona 1
1,2018-12-01,2018-12,6.51227532467532,1.23333333333333,4283.74463131426,1.04046497889862,2189,Zona 1
1,2019-01-01,2019-01,10.3383484118487,1.91666666666667,7302.83436517598,3.79348433811243,1868,Zona 1
1,2019-02-01,2019-02,8.53372946044357,1.46666666666667,6107.53696182624,1.71850151689117,2014,Zona 1
1,2019-03-01,2019-03,10.5148918848168,2.05,7365.22450792214,4.60066907227382,2292,Zona 1
1,2019-04-01,2019-04,11.117537037037,2.23333333333333,7917.03571276911,5.96233221470061,2160,Zona 1
1,2019-05-01,2019-05,10.8972924133811,2.08333333333333,7744.70669945698,4.87433434451446,2232,Zona 1
1,2019-06-01,2019-06,9.78747174845801,1.85,7053.10238514463,3.43066317051603,2486,Zona 1
1,2019-07-01,2019-07,8.02701210554705,1.45,5643.51995006553,1.70479550299093,3178,Zona 1
1,2019-08-01,2019-08,7.17922494623658,1.31775,5041.93310483769,1.25670551610938,3720,Zona 1
1,2019-09-01,2019-09,8.13852352293577,1.35,5641.00267276395,1.34651806595451,2725,Zona 1
1,2019-10-01,2019-10,2.59558853139854,1.03333333333333,1128.94245302175,0.606163643272597,2855,Zona 1
1,2019-11-01,2019-11,1.43275033602151,1.21666666666667,3.74288185203408,0.982341173351369,1984,Zona 1
1,2019-12-01,2019-12,1.33052536231884,1.08333333333333,3.38285149148525,0.666360959218126,2208,Zona 1
1,2020-01-01,2020-01,1.26260374234145,1.06666666666667,2.83894915682454,0.635130737829746,2013,Zona 1
1,2020-02-01,2020-02,1.25245722329472,1.05083333333333,2.66575429504341,0.609890405289291,2072,Zona 1
1,2020-03-01,2020-03,1.19162305433186,0.966666666666667,2.47572589303784,0.483053223607444,2270,Zona 1
1,2020-04-01,2020-04,1.26197263882652,0.983333333333333,3.12345375196918,0.501655397024747,2227,Zona 1
1,2020-05-01,2020-05,1.20645681718544,0.983333333333333,2.60278983019172,0.496735149259344,2281,Zona 1
1,2020-06-01,2020-06,1.17370275204725,0.966666666666667,2.39407126756175,0.473180963136718,2483,Zona 1
1,2020-07-01,2020-07,1.10818164893617,0.8692,2.17297129038576,0.341821057856557,2256,Zona 1
1,2020-08-01,2020-08,1.108598810773,0.866666666666667,17.1613745936399,0.324951491378695,1906,Zona 1
1,2020-09-01,2020-09,1.07995457895707,0.833333333333333,15.9298871857981,0.287364576253962,1809,Zona 1
1,2020-10-01,2020-10,1.28307740916272,1.06333333333333,3.17733333251843,0.628157146119913,2110,Zona 1
1,2020-11-01,2020-11,1.29618164170826,1.11666666666667,2.82313206363554,0.706650294061681,1202,Zona 1
1,2020-12-01,2020-12,1.28128377065112,1.1,10.6124637363707,0.699583135536645,1029,Zona 1
1,2021-01-01,2021-01,0.841397846889952,0.756583333333333,0.630333855909602,0.189873249455162,418,Zona 1
1,2021-02-01,2021-02,1.12905906902087,0.929,18.170383141572,0.362851590867297,623,Zona 1
1,2021-03-01,2021-03,1.19649377719756,0.933333333333333,58.3133004827375,0.356700796477453,766,Zona 1
1,2021-04-01,2021-04,1.33798679867987,1.2,2.51199167605211,0.757644663493314,1010,Zona 1
1,2021-05-01,2021-05,0.643417678812416,0.5,12.2049303962963,0.0554857360746744,988,Zona 1
1,2021-06-01,2021-06,0.642782905982906,0.5,22.3272509168934,0.0615274351159837,975,Zona 1
1,2021-07-01,2021-07,0.610321665089877,0.5,0.260597095175504,0.0623628692163418,1057,Zona 1
1,2021-08-01,2021-08,0.671015473887815,0.55,0.350938983623997,0.0824122821346123,1034,Zona 1
1,2021-09-01,2021-09,0.695869324473976,0.533333333333333,9.19248894876415,0.0749583076455154,1204,Zona 1
1,2021-10-01,2021-10,0.639504321988114,0.5,7.10456349528295,0.0616512157850253,1234,Zona 1
1,2021-11-01,2021-11,0.644145371947758,0.5,9.04724937649143,0.062029319053553,1174,Zona 1
1,2021-12-01,2021-12,0.666058139534884,0.6,0.302357790949226,0.105483824324496,860,Zona 1
1,2022-01-01,2022-01,0.731699905033239,0.64,0.437095258162241,0.128380562363092,351,Zona 1
1,2022-02-01,2022-02,0.703273237179487,0.633333333333333,0.390037900974829,0.124053306214083,416,Zona 1
1,2022-03-01,2022-03,0.71952380952381,0.633333333333333,0.252415468164793,0.123565580124656,7,Zona 1
1,2022-04-01,2022-04,0.724443616492796,0.666666666666667,0.389649106911679,0.144072190464473,671,Zona 1
1,2022-05-01,2022-05,1.05299009200283,0.8,61.2899762402598,0.30015103805653,942,Zona 1
1,2022-06-01,2022-06,1.21834523809524,0.983333333333333,2.83123682126214,0.534142454617743,1120,Zona 1
1,2022-07-01,2022-07,0.6,0.6,0.1188,0.1188,1,Zona 1
2,2017-01-01,2017-01,2.16104570293095,1.96666666666667,10.1234098527816,4.1836462962963,671,Zona 2
2,2017-02-01,2017-02,2.18861673414305,1.98333333333333,10.1584381679283,4.29091412037037,1235,Zona 2
2,2017-03-01,2017-03,1.96596252327747,1.73333333333333,7.79749175310965,2.86423703703704,1432,Zona 2
2,2017-04-01,2017-04,2.45905324074074,2.35,14.186390674384,7.13783125,1440,Zona 2
2,2017-05-01,2017-05,2.26943996415771,2.11666666666667,11.9770047018792,5.2157900462963,1488,Zona 2
2,2017-06-01,2017-06,2.66418405365126,2.56666666666667,17.5349088589994,9.2997462962963,1342,Zona 2
2,2017-07-01,2017-07,3.58010993176649,3.36,39.0697848290566,20.8631808,1319,Zona 2
2,2017-08-01,2017-08,2.88864254554786,2.73333333333333,23.3680785421792,11.2315703703704,1299,Zona 2
2,2017-09-01,2017-09,3.09672916666667,2.88333333333333,26.2701200297878,13.1840016203704,1440,Zona 2
2,2017-10-01,2017-10,2.63369965870308,2.53333333333333,18.3996926523588,8.94210370370371,1465,Zona 2
2,2017-11-01,2017-11,2.01898842592593,1.85,8.78248430695089,3.48239375,1440,Zona 2
2,2017-12-01,2017-12,2.14059462759463,1.91666666666667,11.1469302410397,3.87259837962963,1365,Zona 2
2,2018-01-01,2018-01,2.36804435483871,2.18333333333333,14.2150178282744,5.72430578703704,1488,Zona 2
2,2018-02-01,2018-02,2.06272478887233,1.9,8.82085423413786,3.77245,1342,Zona 2
2,2018-03-01,2018-03,2.64546635049684,2.46666666666667,18.4778341899674,8.25456296296296,1476,Zona 2
2,2018-04-01,2018-04,2.38076851851852,2.28333333333333,13.9245736441178,6.54742662037037,1440,Zona 2
2,2018-05-01,2018-05,2.21690748207885,2.13333333333333,10.452273356392,5.33997037037037,1488,Zona 2
2,2018-06-01,2018-06,2.90428173449612,2.83333333333333,20.1435400538456,12.5099537037037,1376,Zona 2
2,2018-07-01,2018-07,2.86864391951006,2.83333333333333,23.8850683720278,12.5099537037037,1524,Zona 2
2,2018-08-01,2018-08,3.29958521491888,3.2,32.8887400931444,18.0224,1993,Zona 2
2,2018-09-01,2018-09,2.85924605036759,2.76666666666667,22.8413511867685,11.647512962963,2131,Zona 2
2,2018-10-01,2018-10,2.09967373327319,1.81666666666667,10.3597360254506,3.2975275462963,2217,Zona 2
2,2018-11-01,2018-11,1.84560254027262,1.56666666666667,7.05823529446082,2.11491296296296,2152,Zona 2
2,2018-12-01,2018-12,2.53919902543018,2.4,16.7441036086172,7.6032,2189,Zona 2
2,2019-01-01,2019-01,2.54329770003239,2.38333333333333,17.0453591059587,7.4458974537037,2058,Zona 2
2,2019-02-01,2019-02,2.31520606884058,2.2,11.2038346527615,5.8564,1472,Zona 2
2,2019-03-01,2019-03,2.3978602981778,2.25,13.9919916046333,6.26484375,1811,Zona 2
2,2019-04-01,2019-04,2.06888535031847,1.65,11.0967424880219,2.47066875,1256,Zona 2
2,2019-05-01,2019-05,2.07737359550562,1.73333333333333,11.2165606168852,2.86423703703704,1424,Zona 2
2,2019-06-01,2019-06,2.81095374344301,2.5,25.1328819740131,8.59375,1398,Zona 2
2,2019-07-01,2019-07,3.95232706310679,2.98333333333333,172.369666714393,14.6038724537037,1648,Zona 2
2,2019-08-01,2019-08,6.21974187725632,3.95833333333333,502.176270586073,34.1118721064815,2770,Zona 2
2,2019-09-01,2019-09,4.95144720235591,3.48333333333333,255.087630949261,23.2459766203704,2377,Zona 2
2,2019-10-01,2019-10,3.50732342657343,2.58333333333333,91.5455451230102,9.48208912037037,2860,Zona 2
2,2019-11-01,2019-11,2.88217740033027,2.05,83.6650045430187,4.73831875,2826,Zona 2
2,2019-12-01,2019-12,3.42740747460087,2.28333333333333,116.720097368464,6.54742662037037,2756,Zona 2
2,2020-01-01,2020-01,3.57334217506632,2.56666666666667,162.587625040101,9.2997462962963,2639,Zona 2
2,2020-02-01,2020-02,3.97559365950312,2.88333333333333,146.155982322795,13.1840016203704,2187,Zona 2
2,2020-03-01,2020-03,3.05119124122338,2.41666666666667,53.9482566024378,7.7627025462963,2801,Zona 2
2,2020-04-01,2020-04,3.64811984687868,2.62666666666667,128.088860444375,9.96749371851852,2264,Zona 2
2,2020-05-01,2020-05,2.7946571682992,2.1,45.6040277907687,5.09355,1123,Zona 2
2,2020-06-01,2020-06,2.19725714285714,1.70833333333333,12.9839745699365,2.74227835648148,700,Zona 2
2,2020-07-01,2020-07,2.21134986225895,1.7,13.3624814279461,2.70215,726,Zona 2
2,2020-08-01,2020-08,2.29261453396525,1.81666666666667,13.9715376184527,3.2975275462963,422,Zona 2
2,2020-09-01,2020-09,2.26424063116371,1.69,14.4319984905435,2.6550238,676,Zona 2
2,2020-10-01,2020-10,2.27284204965663,1.73333333333333,13.9450677783207,2.86423703703704,631,Zona 2
2,2020-11-01,2020-11,1.96451898075923,1.43333333333333,10.4993143160022,1.61958703703704,641,Zona 2
2,2020-12-01,2020-12,1.88846899224806,1.53333333333333,8.04683435582471,1.98277037037037,688,Zona 2
2,2021-01-01,2021-01,2.02557956777996,1.5,10.5314252697446,1.85625,509,Zona 2
2,2021-02-01,2021-02,1.95153110047847,1.43333333333333,9.65518874239767,1.62024398148148,418,Zona 2
2,2021-03-01,2021-03,1.8572268907563,1.41666666666667,9.24617857863368,1.56374421296296,357,Zona 2
2,2021-04-01,2021-04,1.79395873629916,1.45,7.32930867159182,1.67674375,517,Zona 2
2,2021-05-01,2021-05,2.38599545798638,2.2,14.3709984932627,5.8564,1321,Zona 2
2,2021-06-01,2021-06,2.30831671651711,2.06666666666667,13.7030932261872,4.85482962962963,2006,Zona 2
2,2021-07-01,2021-07,2.84030932594645,2.76666666666667,21.8456599038293,11.647512962963,2166,Zona 2
2,2021-08-01,2021-08,2.75080531126056,2.6,21.1475794416201,9.6668,1933,Zona 2
2,2021-09-01,2021-09,2.83633296863603,2.65,22.6149248992898,10.23529375,1828,Zona 2
2,2021-10-01,2021-10,2.27173097826087,2.01666666666667,12.9482435998811,4.51091921296296,1840,Zona 2
2,2021-11-01,2021-11,1.85519011773789,1.55,7.36278755475349,2.04813125,1727,Zona 2
2,2021-12-01,2021-12,1.86250255780642,1.65,6.78315330629932,2.47066875,1629,Zona 2
2,2022-01-01,2022-01,2.00952057892356,1.65,10.190324419707,2.47066875,737,Zona 2
2,2022-02-01,2022-02,1.93217380952381,1.73333333333333,7.67231621978441,2.86423703703704,1400,Zona 2
2,2022-03-01,2022-03,1.6275956284153,1.33333333333333,5.43705083864603,1.3037037037037,183,Zona 2
2,2022-04-01,2022-04,2.04326609775019,1.81666666666667,9.32028791276506,3.2975275462963,1289,Zona 2
2,2022-05-01,2022-05,2.21122043010752,1.96666666666667,12.1417123376307,4.1836462962963,930,Zona 2
2,2022-06-01,2022-06,2.05790281329923,1.81666666666667,9.60683350195368,3.2975275462963,782,Zona 2
2,2022-07-01,2022-07,1.55,1.55,2.207975,2.207975,2,Zona 2
3,2017-01-01,2017-01,2.12213109354414,1.78333333333333,14.6338308379026,3.1193224537037,1012,Zona 3
3,2017-02-01,2017-02,2.39347892928197,1.8,34.8333229166671,3.2076,1843,Zona 3
3,2017-03-01,2017-03,1.96062519343856,1.6,12.7726241889156,2.2528,2154,Zona 3
3,2017-04-01,2017-04,2.60225272124941,2.03333333333333,34.9057420122889,4.62368703703704,2113,Zona 3
3,2017-05-01,2017-05,2.28085264273815,1.81666666666667,27.3503363351515,3.2975275462963,2201,Zona 3
3,2017-06-01,2017-06,2.63202344284737,1.98333333333333,36.9054538657453,4.29091412037037,1948,Zona 3
3,2017-07-01,2017-07,3.59620689655172,2.41666666666667,109.407051596448,7.7627025462963,1914,Zona 3
3,2017-08-01,2017-08,2.93195742471444,2.2,49.8284413207669,5.8564,1926,Zona 3
3,2017-09-01,2017-09,3.02293280447971,2.25,48.9565879171777,6.26484375,2143,Zona 3
3,2017-10-01,2017-10,2.82044942108471,2.15,48.0975578626237,5.46610625,2188,Zona 3
3,2017-11-01,2017-11,2.24985339506173,1.73333333333333,25.1326793863108,2.86423703703704,2160,Zona 3
3,2017-12-01,2017-12,2.31995277642078,1.85,23.348052148855,3.48239375,2047,Zona 3
3,2018-01-01,2018-01,2.41322879330944,1.86666666666667,27.1778760881803,3.57736296296296,2232,Zona 3
3,2018-02-01,2018-02,2.21184045018206,1.83333333333333,16.7321875530807,3.38912037037037,2014,Zona 3
3,2018-03-01,2018-03,2.5737382339758,1.98333333333333,33.1518014471363,4.29091412037037,2231,Zona 3
3,2018-04-01,2018-04,2.59363962202671,1.93333333333333,35.5414149123033,3.9745037037037,2046,Zona 3
3,2018-05-01,2018-05,2.39958353317346,1.88333333333333,22.1566942442678,3.67404328703704,2085,Zona 3
3,2018-06-01,2018-06,3.21920422031474,2.33333333333333,55.0402250859639,6.98703703703704,1864,Zona 3
3,2018-07-01,2018-07,3.52929217668973,2.61666666666667,72.2344848280225,9.85389421296296,1879,Zona 3
3,2018-08-01,2018-08,4.12353008689949,2.8,136.058644299251,12.0736,2033,Zona 3
3,2018-09-01,2018-09,3.3572690240943,2.35,72.4821346968585,7.13783125,1923,Zona 3
3,2018-10-01,2018-10,2.45681763285024,1.93333333333333,26.8963762813221,3.9745037037037,2208,Zona 3
3,2018-11-01,2018-11,2.18256327160494,1.68333333333333,20.0971206040132,2.62345162037037,2160,Zona 3
3,2018-12-01,2018-12,2.68911589008363,2.05,35.4436249733207,4.73831875,2232,Zona 3
3,2019-01-01,2019-01,2.9715307646356,2.11666666666667,54.4804490847679,5.2157900462963,2232,Zona 3
3,2019-02-01,2019-02,2.43337301587302,1.95,22.891575799559,4.07818125,2016,Zona 3
3,2019-03-01,2019-03,2.70491245622812,2.2,29.7915532896892,5.8564,1999,Zona 3
3,2019-04-01,2019-04,2.7968912037037,2.45,31.9529333347826,8.08836875,1440,Zona 3
3,2019-05-01,2019-05,2.82957661290323,2.4,34.3358251577619,7.6032,1488,Zona 3
3,2019-06-01,2019-06,4.34196875000001,2.98333333333333,173.139883290652,14.6038724537037,1440,Zona 3
3,2019-07-01,2019-07,3.75772282608695,3.05,76.5370061512953,15.60494375,1840,Zona 3
3,2019-08-01,2019-08,3.50777759598605,2.95,70.5502518529242,14.11980625,3056,Zona 3
3,2019-09-01,2019-09,3.11409144334744,2.53333333333333,46.724043161279,8.94210370370371,2836,Zona 3
3,2019-10-01,2019-10,2.31439486326682,1.85,21.1215040952644,3.48239375,3608,Zona 3
3,2019-11-01,2019-11,2.18488653787181,1.73333333333333,18.6849928319973,2.86423703703704,3261,Zona 3
3,2019-12-01,2019-12,2.24813322368421,1.81666666666667,19.7976818994776,3.2975275462963,3648,Zona 3
3,2020-01-01,2020-01,2.86757464443817,2.21666666666667,43.9698855876257,5.99051087962963,3539,Zona 3
3,2020-02-01,2020-02,2.48283302161264,1.98333333333333,27.120548807432,4.29091412037037,3208,Zona 3
3,2020-03-01,2020-03,2.24575463212808,1.83333333333333,19.9865361560251,3.38912037037037,3706,Zona 3
3,2020-04-01,2020-04,2.35185493739998,1.91666666666667,20.6711121799758,3.87259837962963,3541,Zona 3
3,2020-05-01,2020-05,2.48407836935512,2.13333333333333,21.0885396150247,5.33997037037037,1897,Zona 3
3,2020-06-01,2020-06,2.46729166666667,2.15,19.2244523620756,5.46610625,1440,Zona 3
3,2020-07-01,2020-07,2.61293682795699,2.33333333333333,23.6219982410208,6.98703703703704,1488,Zona 3
3,2020-08-01,2020-08,2.84327302250058,2.51666666666667,30.0819554146047,8.76677337962964,1437,Zona 3
3,2020-09-01,2020-09,2.65078996718237,2.35,23.9381409162278,7.13783125,1422,Zona 3
3,2020-10-01,2020-10,2.7085296506905,2.35,25.1215026107952,7.13783125,1231,Zona 3
3,2020-11-01,2020-11,1.94905092592593,1.525,10.0459310027649,1.95079270833333,720,Zona 3
3,2020-12-01,2020-12,2.43748326639893,2.075,16.2807961215231,4.91403229166667,498,Zona 3
3,2021-01-01,2021-01,,,,,,Zona 3
3,2021-02-01,2021-02,,,,,,Zona 3
3,2021-03-01,2021-03,,,,,,Zona 3
3,2021-04-01,2021-04,2.21869318181818,2.125,13.8781746767361,5.279828125,176,Zona 3
3,2021-05-01,2021-05,1.76844128329298,1.48333333333333,7.79397670562408,1.7950599537037,1652,Zona 3
3,2021-06-01,2021-06,1.59273232784888,1.33666666666667,5.20734604827226,1.31353045185185,2188,Zona 3
3,2021-07-01,2021-07,2.01403034613561,1.76666666666667,9.28814922251465,3.03267962962963,2109,Zona 3
3,2021-08-01,2021-08,1.95549201810817,1.58333333333333,11.0562395767877,2.18313078703704,1399,Zona 3
3,2021-09-01,2021-09,1.7827333796618,1.41666666666667,7.91498995556586,1.56374421296296,1439,Zona 3
3,2021-10-01,2021-10,1.43439246658566,1.06666666666667,4.08623978573309,0.667496296296296,1646,Zona 3
3,2021-11-01,2021-11,1.42635468433646,1.11666666666667,3.791049414172,0.765831712962964,1811,Zona 3
3,2021-12-01,2021-12,1.44662658032686,1.18333333333333,3.63188314145166,0.911347453703704,2162,Zona 3
3,2022-01-01,2022-01,1.60402116402116,1.25,5.19941134991182,1.07421875,567,Zona 3
3,2022-02-01,2022-02,1.35956474190726,1.1,2.92844058737363,0.73205,1524,Zona 3
3,2022-03-01,2022-03,1.18726851851852,0.816666666666667,2.37783804256687,0.301066435185185,72,Zona 3
3,2022-04-01,2022-04,1.49748272070374,1.28333333333333,4.06087747133611,1.16246828703704,2122,Zona 3
3,2022-05-01,2022-05,1.61734124740908,1.33333333333333,6.51254773854056,1.3037037037037,1769,Zona 3
3,2022-06-01,2022-06,1.71671536796537,1.35,7.62978616864252,1.35320625,924,Zona 3
3,2022-07-01,2022-07,1,1,0.616,0.616,2,Zona 3
4,2017-01-01,2017-01,3.28606666666667,3.45166666666667,32.7491237630741,22.6234525101852,300,Zona 4
4,2017-02-01,2017-02,3.45855165069223,3.65,36.9792461696545,26.74491875,626,Zona 4
4,2017-03-01,2017-03,2.57863342566944,2.3,20.1478322167487,6.69185,722,Zona 4
4,2017-04-01,2017-04,3.29046296296296,3.51666666666667,37.2376109207305,23.919731712963,720,Zona 4
4,2017-05-01,2017-05,2.9388440860215,2.68333333333333,29.3426607041517,10.6264099537037,744,Zona 4
4,2017-06-01,2017-06,3.21022373051785,3.11666666666667,36.9195446741373,16.6507483796296,663,Zona 4
4,2017-07-01,2017-07,3.55104559748428,3.48333333333333,43.3641797229658,23.2459766203704,636,Zona 4
4,2017-08-01,2017-08,4.02446492575525,4.36666666666667,57.612250104784,45.7944462962963,651,Zona 4
4,2017-09-01,2017-09,4.45013590844063,4.91666666666667,70.3070404071183,65.3694733796297,699,Zona 4
4,2017-10-01,2017-10,3.73206085753804,4,49.6810833572922,35.2,723,Zona 4
4,2017-11-01,2017-11,3.60657638888888,3.88333333333333,42.1729601851823,32.2089599537037,720,Zona 4
4,2017-12-01,2017-12,3.62543615984405,3.9,41.9053053341012,32.62545,684,Zona 4
4,2018-01-01,2018-01,3.47953405017921,3.8,39.2388013066208,30.1796,744,Zona 4
4,2018-02-01,2018-02,3.84062780269058,4.15,42.6882826371699,39.31035625,669,Zona 4
4,2018-03-01,2018-03,4.03359094982078,4.31666666666667,51.5533177696757,44.2392983796297,744,Zona 4
4,2018-04-01,2018-04,2.99503472222222,2.75,29.4909307626495,11.43828125,720,Zona 4
4,2018-05-01,2018-05,2.94622700762674,2.76666666666667,27.9154133759633,11.647512962963,743,Zona 4
4,2018-06-01,2018-06,3.96831395348837,4.475,55.2428337491925,49.2885822916667,688,Zona 4
4,2018-07-01,2018-07,4.16214893617021,4.51666666666667,64.525584969339,50.6776900462963,705,Zona 4
4,2018-08-01,2018-08,4.37923387096774,4.55833333333333,74.2434201752911,52.0937096064815,744,Zona 4
4,2018-09-01,2018-09,4.33395833333333,4.63333333333333,69.5189483265817,54.7070537037037,720,Zona 4
4,2018-10-01,2018-10,3.71394713261649,3.825,43.6127537756597,30.779615625,744,Zona 4
4,2018-11-01,2018-11,3.12627314814815,3.16666666666667,29.5083365959748,17.4664976851852,720,Zona 4
4,2018-12-01,2018-12,3.65728494623656,3.91666666666667,43.6638810883512,33.0455150462963,744,Zona 4
4,2019-01-01,2019-01,4.00967741935484,4.26666666666667,55.0413505085574,42.719762962963,744,Zona 4
4,2019-02-01,2019-02,3.85994295634921,4.26666666666667,46.8894397574959,42.719762962963,672,Zona 4
4,2019-03-01,2019-03,3.64211067366579,4.04166666666667,35.7131843215558,31.2950703568767,762,Zona 4
4,2019-04-01,2019-04,2.98677939876216,2.9,23.582581251557,11.6732207004904,754,Zona 4
4,2019-05-01,2019-05,3.1994623655914,3.3,33.3096767180406,19.76535,744,Zona 4
4,2019-06-01,2019-06,3.63948611111111,3.68333333333333,44.0098310397608,27.484368287037,720,Zona 4
4,2019-07-01,2019-07,4.12370967741936,4.5,57.467992419773,50.11875,744,Zona 4
4,2019-08-01,2019-08,4.13928763440861,4.2,62.5484953246191,40.7484,744,Zona 4
4,2019-09-01,2019-09,4.53346193415638,4.81666666666667,79.1020787001685,61.4614025462963,648,Zona 4
4,2019-10-01,2019-10,3.60202380952381,3.95,41.1521876982776,33.89643125,742,Zona 4
4,2019-11-01,2019-11,3.19545897079277,3.33333333333333,30.8538712138725,20.3703703703704,719,Zona 4
4,2019-12-01,2019-12,3.51985164580436,3.71666666666667,36.1535325114717,28.2373233796296,719,Zona 4
4,2020-01-01,2020-01,3.81471063257066,4.13333333333333,48.2091942826904,38.8386370370371,743,Zona 4
4,2020-02-01,2020-02,3.87744252873563,4.18333333333333,46.5578053163793,40.2652224537037,696,Zona 4
4,2020-03-01,2020-03,3.74611714156491,4.06666666666667,41.0823509031682,36.9894962962963,737,Zona 4
4,2020-04-01,2020-04,3.27304629629629,3.53333333333333,32.7375331536317,24.261437037037,720,Zona 4
4,2020-05-01,2020-05,3.53844732704403,3.90833333333333,39.9046258741379,32.8354825231481,424,Zona 4
4,2020-06-01,2020-06,,,,,,Zona 4
4,2020-07-01,2020-07,,,,,,Zona 4
4,2020-08-01,2020-08,,,,,,Zona 4
4,2020-09-01,2020-09,,,,,,Zona 4
4,2020-10-01,2020-10,3.4402947845805,3.21666666666667,31.2849307907547,15.8766234060615,441,Zona 4
4,2020-11-01,2020-11,,,,,,Zona 4
4,2020-12-01,2020-12,,,,,,Zona 4
4,2021-01-01,2021-01,,,,,,Zona 4
4,2021-02-01,2021-02,,,,,,Zona 4
4,2021-03-01,2021-03,,,,,,Zona 4
4,2021-04-01,2021-04,,,,,,Zona 4
4,2021-05-01,2021-05,2.59277994791667,2.15833333333333,18.0890892427557,4.80618183587328,512,Zona 4
4,2021-06-01,2021-06,2.55723611111111,2.3,15.196998309388,5.82871736890401,720,Zona 4
4,2021-07-01,2021-07,3.41960125448029,2.99166666666667,32.5619963553076,12.9172691491414,744,Zona 4
4,2021-08-01,2021-08,3.10765019379845,2.8,25.9147316187518,10.5724661077836,688,Zona 4
4,2021-09-01,2021-09,3.24020833333333,3.03333333333333,25.2325035593489,13.3808797062655,720,Zona 4
4,2021-10-01,2021-10,2.44702739726027,2.18333333333333,14.7765581345137,4.98428292344538,730,Zona 4
4,2021-11-01,2021-11,2.21860250391236,1.85,11.3362115244598,3.03976440959608,1065,Zona 4
4,2021-12-01,2021-12,2.6880002354049,2.4,18.5284822149326,6.64363178595972,1416,Zona 4
4,2022-01-01,2022-01,2.50348888888889,2.15,16.3427921708725,4.74885700612028,300,Zona 4
4,2022-02-01,2022-02,2.57770588235294,2.16666666666667,16.8255323396391,4.88471274172003,850,Zona 4
4,2022-03-01,2022-03,2.34666666666667,1.85833333333333,14.467120918303,3.09814758209464,36,Zona 4
4,2022-04-01,2022-04,2.47827606992164,2.14166666666667,14.7430632916017,4.6439285678231,1106,Zona 4
4,2022-05-01,2022-05,2.56733369883041,2.25,16.6603943387325,5.46476152476585,912,Zona 4
4,2022-06-01,2022-06,2.47711513372472,2.21666666666667,14.3841921758312,5.17090740156658,1022,Zona 4
4,2022-07-01,2022-07,3.2,3.2,18.0224,18.0224,1,Zona 4
